latitude,longitude,corridor,severity_score,month
12.9621,75.5741,Bengaluru-Mangaluru,8.9,7
17.1105,73.6904,Mumbai-Goa,8.8,6
16.8239,73.4707,Mumbai-Goa,2.9,3
19.7579,73.9172,Pune-Nashik,6.7,8
10.712,76.1475,Kochi-Kozhikode,6.7,8
18.7095,73.3476,Mumbai-Pune,8.7,6
19.6242,73.6826,Pune-Nashik,4.7,2
19.712,73.8899,Pune-Nashik,6.6,1
19.0135,73.2832,Mumbai-Pune,2.9,11
16.9139,73.5835,Mumbai-Goa,9.1,7
12.9222,75.0953,Bengaluru-Mangaluru,8.4,9
18.9256,73.6917,Mumbai-Pune,6.5,8
12.6844,75.4946,Bengaluru-Mangaluru,7.2,8
17.1789,73.0006,Mumbai-Goa,9.6,6
18.6614,73.4354,Mumbai-Pune,9.4,6
18.6705,73.2411,Mumbai-Pune,8.0,8
13.0832,75.5577,Bengaluru-Mangaluru,4.1,11
18.7559,73.2397,Mumbai-Pune,6.7,7
18.7024,73.4125,Mumbai-Pune,7.2,7
10.5842,76.1329,Kochi-Kozhikode,6.8,9
15.9408,73.6535,Mumbai-Goa,9.3,6
18.6974,73.3672,Mumbai-Pune,9.7,8
10.6872,76.2621,Kochi-Kozhikode,6.9,1
18.1464,73.1646,Mumbai-Goa,9.2,9
10.8337,76.3029,Kochi-Kozhikode,8.5,8
19.5987,73.7575,Pune-Nashik,6.8,7
18.6826,73.8474,Mumbai-Pune,8.8,6
10.9542,75.9932,Kochi-Kozhikode,5.7,4
10.014,76.2348,Kochi-Kozhikode,8.3,6
10.5543,75.9104,Kochi-Kozhikode,6.6,5
12.9261,75.2326,Bengaluru-Mangaluru,1.7,3
18.6338,73.4221,Mumbai-Pune,9.7,8
12.5441,75.5003,Bengaluru-Mangaluru,8.4,8
18.8837,73.1341,Mumbai-Pune,8.0,8
11.2911,76.4292,Kochi-Kozhikode,9.2,7
12.7367,75.2438,Bengaluru-Mangaluru,6.2,3
17.14,73.5214,Mumbai-Goa,5.9,4
10.7783,76.0737,Kochi-Kozhikode,6.6,12
12.7152,75.465,Bengaluru-Mangaluru,8.3,6
16.0999,73.9704,Mumbai-Goa,8.0,8
10.7136,76.1925,Kochi-Kozhikode,4.1,4
17.7291,73.6706,Mumbai-Goa,8.7,6
12.943,75.2694,Bengaluru-Mangaluru,7.5,9
12.9405,75.5278,Bengaluru-Mangaluru,3.8,3
18.6908,73.4688,Mumbai-Pune,8.9,8
10.2545,75.8594,Kochi-Kozhikode,9.1,8
13.0289,75.7746,Bengaluru-Mangaluru,6.8,9
16.7983,73.3997,Mumbai-Goa,7.3,6
16.1155,73.1333,Mumbai-Goa,9.0,8
10.6426,76.0729,Kochi-Kozhikode,7.4,9
12.9414,75.7829,Bengaluru-Mangaluru,7.3,9
16.7443,73.4768,Mumbai-Goa,8.0,7
16.5404,73.3505,Mumbai-Goa,6.5,6
19.8686,73.8768,Pune-Nashik,4.1,4
13.2242,76.2608,Bengaluru-Mangaluru,5.6,1
18.8211,73.5526,Mumbai-Pune,7.6,9
10.7865,76.1878,Kochi-Kozhikode,1.4,12
18.4282,73.0279,Mumbai-Pune,6.9,6
10.8678,76.0436,Kochi-Kozhikode,9.9,8
18.7816,73.573,Mumbai-Pune,9.9,8
18.7469,73.576,Mumbai-Pune,3.1,4
16.0486,73.6027,Mumbai-Goa,7.7,8
16.9283,73.4626,Mumbai-Goa,7.1,9
18.7767,73.4351,Mumbai-Pune,9.4,8
17.2816,73.6682,Mumbai-Goa,7.2,9
10.4144,75.8071,Kochi-Kozhikode,4.4,2
12.9115,75.2273,Bengaluru-Mangaluru,5.8,2
19.578,73.8812,Pune-Nashik,7.4,8
13.0847,75.5028,Bengaluru-Mangaluru,4.4,3
16.6372,73.4373,Mumbai-Goa,7.1,7
18.8301,73.437,Mumbai-Pune,8.7,8
10.7007,76.1449,Kochi-Kozhikode,6.7,9
18.7585,73.509,Mumbai-Pune,8.5,6
18.6886,73.3631,Mumbai-Pune,9.7,7
10.7265,75.9719,Kochi-Kozhikode,7.4,6
18.7759,73.4294,Mumbai-Pune,7.5,9
18.4498,73.2101,Mumbai-Pune,7.3,7
12.9006,75.556,Bengaluru-Mangaluru,8.5,8
16.44,73.4474,Mumbai-Goa,8.0,8
16.7886,73.3997,Mumbai-Goa,9.4,6
18.975,73.5186,Mumbai-Pune,4.1,3
16.8476,73.5505,Mumbai-Goa,7.7,6
18.915,73.4196,Mumbai-Pune,6.8,9
10.8483,76.0935,Kochi-Kozhikode,8.1,6
19.7003,74.032,Pune-Nashik,8.9,7
13.2098,75.4661,Bengaluru-Mangaluru,9.4,9
18.7489,73.6449,Mumbai-Pune,9.9,8
18.5821,73.397,Mumbai-Pune,9.3,7
12.9075,76.0619,Bengaluru-Mangaluru,8.8,8
16.8375,73.5377,Mumbai-Goa,9.5,9
19.5286,73.7227,Pune-Nashik,9.3,9
16.8887,73.3539,Mumbai-Goa,8.0,8
18.85,73.4846,Mumbai-Pune,7.8,3
19.6791,73.7704,Pune-Nashik,9.6,9
18.8727,73.2423,Mumbai-Pune,8.0,8
12.9734,76.0107,Bengaluru-Mangaluru,9.3,8
16.5781,73.4292,Mumbai-Goa,8.6,7
18.5002,73.415,Mumbai-Pune,9.3,8
18.7587,73.3434,Mumbai-Pune,8.9,8
18.6143,73.4077,Mumbai-Pune,8.5,7
10.6008,76.1414,Kochi-Kozhikode,9.4,6
18.5533,73.1711,Mumbai-Pune,8.7,7
16.6012,73.6937,Mumbai-Goa,3.9,2
17.1802,73.9135,Mumbai-Goa,3.1,5
18.4985,73.8699,Mumbai-Pune,6.5,11
18.6815,73.3638,Mumbai-Pune,5.5,5
18.8212,73.2615,Mumbai-Pune,1.4,10
19.6227,73.9644,Pune-Nashik,6.9,6
18.6093,73.4208,Mumbai-Pune,2.1,11
12.9325,75.7466,Bengaluru-Mangaluru,2.5,5
10.5681,75.9845,Kochi-Kozhikode,2.3,10
12.9652,75.6557,Bengaluru-Mangaluru,7.4,6
18.7879,73.5277,Mumbai-Pune,6.5,4
10.8103,76.359,Kochi-Kozhikode,9.3,6
18.7719,73.439,Mumbai-Pune,6.7,9
16.679,73.529,Mumbai-Goa,9.5,6
12.9366,75.4661,Bengaluru-Mangaluru,4.4,11
18.9133,73.4533,Mumbai-Pune,8.4,8
16.5128,73.5821,Mumbai-Goa,6.9,9
18.6647,73.4885,Mumbai-Pune,9.1,8
13.0448,75.4461,Bengaluru-Mangaluru,6.8,9
13.0564,75.8797,Bengaluru-Mangaluru,7.7,8
15.9338,73.2876,Mumbai-Goa,7.0,6
18.6573,73.6863,Mumbai-Pune,9.4,9
17.2131,73.5516,Mumbai-Goa,5.9,5
19.6822,74.016,Pune-Nashik,8.7,9
16.8202,73.4058,Mumbai-Goa,7.6,7
10.6332,76.0286,Kochi-Kozhikode,4.1,1
16.8749,73.5426,Mumbai-Goa,3.0,2
16.9899,73.6034,Mumbai-Goa,9.8,6
18.7511,73.5635,Mumbai-Pune,8.4,9
12.5721,76.2926,Bengaluru-Mangaluru,9.5,6
16.814,73.84,Mumbai-Goa,7.1,9
12.5881,76.2667,Bengaluru-Mangaluru,9.5,9
12.9782,75.4393,Bengaluru-Mangaluru,9.9,7
18.6563,73.4543,Mumbai-Pune,9.8,7
12.9489,76.3862,Bengaluru-Mangaluru,8.0,8
19.5777,73.9125,Pune-Nashik,6.6,6
18.9987,73.5535,Mumbai-Pune,9.3,9
10.8887,76.0936,Kochi-Kozhikode,6.7,9
12.5843,75.9692,Bengaluru-Mangaluru,8.6,9
18.6759,73.2296,Mumbai-Pune,6.7,6
19.5553,73.9249,Pune-Nashik,5.6,3
12.9268,75.3664,Bengaluru-Mangaluru,8.8,6
13.2388,76.0281,Bengaluru-Mangaluru,7.8,9
19.3536,74.2,Pune-Nashik,8.4,8
18.7652,73.4433,Mumbai-Pune,2.1,3
13.2212,75.0655,Bengaluru-Mangaluru,9.1,7
18.9491,73.8136,Mumbai-Pune,9.2,9
11.2019,75.8969,Kochi-Kozhikode,6.9,9
18.6727,73.4173,Mumbai-Pune,8.0,9
10.6223,76.0775,Kochi-Kozhikode,6.6,9
12.9073,75.3857,Bengaluru-Mangaluru,8.2,6
17.0163,73.5701,Mumbai-Goa,2.0,1
18.8448,73.5186,Mumbai-Pune,9.3,6
12.7278,75.4242,Bengaluru-Mangaluru,8.0,7
17.0674,73.5642,Mumbai-Goa,4.8,10
17.0674,73.9816,Mumbai-Goa,6.6,9
12.9714,75.8129,Bengaluru-Mangaluru,4.8,10
13.0193,75.7221,Bengaluru-Mangaluru,6.4,3
19.0201,73.284,Mumbai-Pune,6.6,9
19.8926,73.7323,Pune-Nashik,9.1,8
18.7224,73.4854,Mumbai-Pune,6.8,8
19.5227,73.8293,Pune-Nashik,4.0,5
18.6468,73.8983,Mumbai-Pune,7.9,6
12.6428,75.9114,Bengaluru-Mangaluru,6.4,1
10.709,76.1072,Kochi-Kozhikode,9.2,9
19.8315,73.6866,Pune-Nashik,8.2,6
18.8928,73.1931,Mumbai-Pune,9.5,9
13.3105,76.4513,Bengaluru-Mangaluru,4.8,10
13.1377,76.1905,Bengaluru-Mangaluru,7.3,6
17.123,73.2984,Mumbai-Goa,1.5,3
12.841,75.8042,Bengaluru-Mangaluru,5.5,2
16.9209,73.3653,Mumbai-Goa,7.4,3
16.6675,73.5849,Mumbai-Goa,8.3,7
18.6861,73.4244,Mumbai-Pune,8.4,7
16.9148,73.4185,Mumbai-Goa,9.5,8
13.168,75.7189,Bengaluru-Mangaluru,4.5,11
10.4203,76.1163,Kochi-Kozhikode,5.8,11
16.6849,73.6066,Mumbai-Goa,10.0,8
18.6807,73.3871,Mumbai-Pune,7.4,8
19.0049,73.3763,Mumbai-Pune,6.0,3
17.0641,73.6082,Mumbai-Goa,9.8,8
18.645,73.3624,Mumbai-Pune,9.4,8
16.9204,73.8825,Mumbai-Goa,1.4,11
16.7456,73.4183,Mumbai-Goa,6.9,8
13.1207,75.6759,Bengaluru-Mangaluru,3.8,3
18.6397,73.5033,Mumbai-Pune,8.3,9
19.8122,73.9403,Pune-Nashik,9.4,8
16.4062,73.4395,Mumbai-Goa,8.0,8
13.0584,75.4673,Bengaluru-Mangaluru,9.2,9
18.7888,73.4871,Mumbai-Pune,7.3,9
18.6689,73.3933,Mumbai-Pune,7.9,7
12.5,75.4079,Bengaluru-Mangaluru,8.8,7
10.7526,75.9908,Kochi-Kozhikode,9.0,8
18.8928,73.2391,Mumbai-Pune,9.0,7
19.8363,73.6914,Pune-Nashik,9.8,9
18.6425,73.3981,Mumbai-Pune,8.4,9
18.7115,73.4147,Mumbai-Pune,8.4,7
16.0614,73.7708,Mumbai-Goa,9.6,7
18.6248,73.5813,Mumbai-Pune,4.7,2
18.6925,73.7538,Mumbai-Pune,2.3,1
18.8761,73.2385,Mumbai-Pune,8.7,8
10.702,75.935,Kochi-Kozhikode,7.4,7
19.7163,73.8509,Pune-Nashik,5.5,4
16.581,73.5578,Mumbai-Goa,7.6,3
19.0678,73.2718,Mumbai-Pune,5.8,1
16.9647,73.425,Mumbai-Goa,7.4,5
18.7347,73.4095,Mumbai-Pune,7.4,10
13.1803,75.8937,Bengaluru-Mangaluru,1.5,12
16.9227,73.4518,Mumbai-Goa,8.3,7
12.9142,75.7241,Bengaluru-Mangaluru,4.6,12
17.4155,73.3453,Mumbai-Goa,6.5,6
18.9366,73.1804,Mumbai-Pune,8.2,6
13.4783,75.9688,Bengaluru-Mangaluru,9.7,9
10.1995,76.4022,Kochi-Kozhikode,9.9,9
10.7715,76.1515,Kochi-Kozhikode,2.6,11
18.9075,73.1016,Mumbai-Pune,7.2,11
18.7746,73.3299,Mumbai-Pune,7.9,6
12.6401,76.4902,Bengaluru-Mangaluru,8.9,8
10.7819,76.0895,Kochi-Kozhikode,8.4,7
10.761,76.0569,Kochi-Kozhikode,2.0,10
16.7085,73.6062,Mumbai-Goa,8.5,7
18.7812,73.322,Mumbai-Pune,6.8,6
19.69,73.8769,Pune-Nashik,8.6,6
16.6657,73.957,Mumbai-Goa,10.0,7
12.8966,75.359,Bengaluru-Mangaluru,8.8,8
17.1642,73.5787,Mumbai-Goa,7.8,9
10.0243,76.1873,Kochi-Kozhikode,7.7,9
18.6775,73.337,Mumbai-Pune,4.4,10
12.9934,75.7144,Bengaluru-Mangaluru,8.4,9
15.9933,73.818,Mumbai-Goa,8.7,6
18.7482,73.4132,Mumbai-Pune,6.5,9
18.775,73.258,Mumbai-Pune,6.8,9
13.0597,75.4891,Bengaluru-Mangaluru,7.9,9
12.9684,75.5621,Bengaluru-Mangaluru,5.5,2
19.5782,73.9461,Pune-Nashik,8.2,6
19.9791,74.1264,Pune-Nashik,5.8,4
18.8222,73.4915,Mumbai-Pune,3.2,1
12.8983,75.1154,Bengaluru-Mangaluru,7.9,7
13.0632,75.6039,Bengaluru-Mangaluru,3.4,2
12.9852,75.5418,Bengaluru-Mangaluru,2.9,11
19.5455,73.9758,Pune-Nashik,2.7,2
18.8437,73.6657,Mumbai-Pune,7.6,6
18.7784,73.3854,Mumbai-Pune,7.7,9
12.5123,75.6207,Bengaluru-Mangaluru,5.8,4
19.6097,73.9021,Pune-Nashik,8.2,9
10.7437,76.2317,Kochi-Kozhikode,7.9,7
10.6466,76.2831,Kochi-Kozhikode,9.8,7
18.662,73.2634,Mumbai-Pune,7.6,9
19.7158,73.9193,Pune-Nashik,6.6,7
18.9819,73.0622,Mumbai-Pune,5.4,11
18.8046,73.4707,Mumbai-Pune,7.9,9
10.7977,76.0215,Kochi-Kozhikode,8.4,8
18.7566,73.3238,Mumbai-Pune,4.9,3
19.2848,73.569,Pune-Nashik,8.1,7
17.2169,73.4816,Mumbai-Goa,9.9,6
12.7968,75.5397,Bengaluru-Mangaluru,8.2,7
17.0342,73.4295,Mumbai-Goa,8.8,6
10.774,76.1863,Kochi-Kozhikode,7.9,9
12.7972,75.6457,Bengaluru-Mangaluru,3.7,4
18.9572,73.5196,Mumbai-Pune,4.2,3
16.6149,73.3886,Mumbai-Goa,8.1,6
12.9306,75.5049,Bengaluru-Mangaluru,6.9,6
19.5529,73.8703,Pune-Nashik,7.2,7
10.2599,75.9168,Kochi-Kozhikode,8.7,7
16.4294,73.3241,Mumbai-Goa,8.0,9
18.6871,73.376,Mumbai-Pune,4.8,5
17.0878,73.5108,Mumbai-Goa,7.8,8
17.001,73.6844,Mumbai-Goa,6.6,7
13.0072,75.57,Bengaluru-Mangaluru,5.1,4
12.8976,75.412,Bengaluru-Mangaluru,8.5,7
16.894,73.4639,Mumbai-Goa,7.0,5
18.6881,73.0534,Mumbai-Pune,7.4,7
12.9403,75.4449,Bengaluru-Mangaluru,8.1,8
12.9649,75.8874,Bengaluru-Mangaluru,3.3,10
12.8864,75.6753,Bengaluru-Mangaluru,3.8,10
17.1243,73.4498,Mumbai-Goa,9.3,7
18.7696,73.4014,Mumbai-Pune,2.1,1
10.8183,76.0324,Kochi-Kozhikode,7.1,3
19.6025,73.8936,Pune-Nashik,3.1,3
17.3716,73.6199,Mumbai-Goa,8.6,7
18.9384,73.3137,Mumbai-Pune,1.5,11
13.009,75.6344,Bengaluru-Mangaluru,9.3,8
11.2106,76.0293,Kochi-Kozhikode,8.0,6
18.6765,73.3326,Mumbai-Pune,2.0,4
19.4516,73.5979,Pune-Nashik,8.6,6
10.4018,76.054,Kochi-Kozhikode,4.6,5
13.2938,75.359,Bengaluru-Mangaluru,6.7,7
10.6577,76.1132,Kochi-Kozhikode,2.2,11
12.9427,75.9518,Bengaluru-Mangaluru,6.7,8
13.0188,75.4918,Bengaluru-Mangaluru,8.4,9
19.5102,73.893,Pune-Nashik,8.6,7
18.6345,73.606,Mumbai-Pune,7.5,4
13.0474,75.512,Bengaluru-Mangaluru,2.0,3
10.4788,76.2185,Kochi-Kozhikode,6.2,5
10.044,76.365,Kochi-Kozhikode,8.5,6
16.8628,73.6547,Mumbai-Goa,6.4,3
18.4018,73.7728,Mumbai-Pune,9.7,6
10.501,76.0476,Kochi-Kozhikode,3.9,11
18.7505,73.4053,Mumbai-Pune,8.3,6
18.7106,73.4701,Mumbai-Pune,8.1,8
16.553,73.4822,Mumbai-Goa,8.2,9
12.915,75.6965,Bengaluru-Mangaluru,1.2,3
13.451,75.0022,Bengaluru-Mangaluru,7.9,5
18.8982,73.0837,Mumbai-Pune,4.2,11
17.1313,73.3594,Mumbai-Goa,7.0,6
19.7606,74.0147,Pune-Nashik,7.2,8
18.6158,73.5437,Mumbai-Pune,9.2,6
18.7791,73.3158,Mumbai-Pune,6.6,8
12.8962,75.0734,Bengaluru-Mangaluru,9.5,7
18.8857,73.413,Mumbai-Pune,6.8,3
13.0474,75.6127,Bengaluru-Mangaluru,9.7,6
18.7104,73.1159,Mumbai-Pune,4.2,10
17.0899,73.3827,Mumbai-Goa,7.5,8
18.9303,73.5975,Mumbai-Pune,8.4,8
19.5751,73.935,Pune-Nashik,8.4,7
12.9807,75.8566,Bengaluru-Mangaluru,8.3,9
18.6656,73.4772,Mumbai-Pune,8.2,8
10.1502,76.2598,Kochi-Kozhikode,9.9,6
12.6761,75.8888,Bengaluru-Mangaluru,5.9,10
17.244,73.2802,Mumbai-Goa,4.4,12
12.7521,75.2176,Bengaluru-Mangaluru,7.0,8
12.8663,75.7345,Bengaluru-Mangaluru,9.5,7
11.0817,76.1065,Kochi-Kozhikode,7.1,8
11.1054,75.9792,Kochi-Kozhikode,9.4,8
12.6871,75.5896,Bengaluru-Mangaluru,5.2,11
16.1657,73.7453,Mumbai-Goa,9.9,8
18.7836,73.3963,Mumbai-Pune,6.7,8
10.7396,76.0651,Kochi-Kozhikode,8.5,6
18.6064,73.2868,Mumbai-Pune,3.6,2
10.4124,76.0922,Kochi-Kozhikode,9.8,9
16.476,73.5837,Mumbai-Goa,9.0,7
18.7821,73.2943,Mumbai-Pune,6.5,9
12.8358,75.4014,Bengaluru-Mangaluru,7.5,6
18.7297,73.8054,Mumbai-Pune,7.8,9
18.7445,73.5075,Mumbai-Pune,9.1,8
12.914,76.1347,Bengaluru-Mangaluru,8.0,6
10.6152,76.1441,Kochi-Kozhikode,9.5,8
11.0163,76.2342,Kochi-Kozhikode,7.1,9
18.7036,73.3108,Mumbai-Pune,5.4,11
19.8459,73.5609,Pune-Nashik,9.7,8
12.8866,75.4059,Bengaluru-Mangaluru,8.6,9
16.7201,73.3503,Mumbai-Goa,8.8,8
18.9219,73.404,Mumbai-Pune,9.6,9
13.397,75.0303,Bengaluru-Mangaluru,4.4,5
10.6688,76.1187,Kochi-Kozhikode,8.0,9
16.8586,73.4845,Mumbai-Goa,7.1,8
17.1631,73.5687,Mumbai-Goa,8.1,7
18.7536,73.5719,Mumbai-Pune,8.6,6
16.8635,73.4724,Mumbai-Goa,6.8,8
18.8037,73.4852,Mumbai-Pune,2.4,4
18.9373,73.008,Mumbai-Pune,2.6,3
19.7142,73.7967,Pune-Nashik,8.1,8
12.8337,75.492,Bengaluru-Mangaluru,8.6,8
16.8106,73.2123,Mumbai-Goa,9.0,8
19.0298,73.7249,Mumbai-Pune,2.0,11
10.5159,76.2196,Kochi-Kozhikode,9.0,9
19.7491,73.9468,Pune-Nashik,7.1,8
18.8939,73.372,Mumbai-Pune,9.2,8
10.9081,76.1272,Kochi-Kozhikode,8.0,7
17.9006,73.6399,Mumbai-Goa,9.8,6
18.7388,73.2925,Mumbai-Pune,7.0,5
19.9143,74.1907,Pune-Nashik,8.7,7
18.6094,73.4229,Mumbai-Pune,8.2,7
16.6542,73.3222,Mumbai-Goa,8.4,9
10.7966,75.8125,Kochi-Kozhikode,7.7,7
16.6899,73.3648,Mumbai-Goa,8.1,6
19.9964,73.7399,Pune-Nashik,7.3,10
18.5478,73.0197,Mumbai-Pune,9.3,6
18.8976,73.4992,Mumbai-Pune,9.4,6
16.8974,73.685,Mumbai-Goa,8.9,9
16.9251,73.3923,Mumbai-Goa,6.9,7
18.8833,73.4606,Mumbai-Pune,9.9,7
18.6592,73.3786,Mumbai-Pune,7.7,7
18.6734,73.2444,Mumbai-Pune,9.2,9
18.831,73.6148,Mumbai-Pune,6.8,8
10.5378,76.1493,Kochi-Kozhikode,7.0,11
18.6931,73.3452,Mumbai-Pune,9.1,9
18.6982,73.3028,Mumbai-Pune,4.3,5
12.9061,75.4442,Bengaluru-Mangaluru,7.4,1
12.9338,75.5906,Bengaluru-Mangaluru,8.9,8
16.9458,73.0633,Mumbai-Goa,4.7,1
19.0112,73.4672,Mumbai-Pune,2.7,2
12.8701,75.4298,Bengaluru-Mangaluru,2.1,1
10.6919,76.1661,Kochi-Kozhikode,6.7,7
19.2631,73.8109,Pune-Nashik,6.9,6
18.7938,73.29,Mumbai-Pune,9.9,6
16.9323,73.5939,Mumbai-Goa,9.4,8
12.6913,75.7019,Bengaluru-Mangaluru,1.7,10
19.9715,73.7044,Pune-Nashik,8.2,6
12.8172,75.707,Bengaluru-Mangaluru,6.5,11
12.8046,75.2616,Bengaluru-Mangaluru,8.6,6
16.371,73.506,Mumbai-Goa,8.3,9
12.9325,75.4304,Bengaluru-Mangaluru,5.2,2
19.9327,74.0337,Pune-Nashik,7.0,8
10.9197,75.9546,Kochi-Kozhikode,4.9,10
12.8917,75.3729,Bengaluru-Mangaluru,9.9,7
13.2608,75.8434,Bengaluru-Mangaluru,9.4,9
16.6882,73.5059,Mumbai-Goa,6.7,9
18.6747,73.3567,Mumbai-Pune,7.2,6
13.0258,75.4918,Bengaluru-Mangaluru,3.7,4
13.0045,75.3882,Bengaluru-Mangaluru,6.5,11
17.0722,73.6802,Mumbai-Goa,9.0,9
16.3108,73.7249,Mumbai-Goa,6.8,9
18.5337,73.3103,Mumbai-Pune,9.5,8
12.9721,75.5619,Bengaluru-Mangaluru,9.8,8
19.6401,73.551,Pune-Nashik,6.5,4
17.0206,73.4245,Mumbai-Goa,7.8,7
12.9108,75.5708,Bengaluru-Mangaluru,8.1,6
13.046,75.6477,Bengaluru-Mangaluru,6.1,2
12.9422,75.5228,Bengaluru-Mangaluru,7.3,12
18.7073,73.3513,Mumbai-Pune,5.7,1
17.0282,73.4474,Mumbai-Goa,6.8,9
16.9942,73.7594,Mumbai-Goa,8.5,6
17.1831,73.4592,Mumbai-Goa,6.9,8
13.0856,76.0513,Bengaluru-Mangaluru,7.6,6
11.0252,76.0643,Kochi-Kozhikode,2.5,1
12.6452,75.411,Bengaluru-Mangaluru,9.9,8
10.4492,76.0692,Kochi-Kozhikode,8.6,6
18.7516,73.5886,Mumbai-Pune,5.5,10
18.7786,73.3754,Mumbai-Pune,8.5,6
10.6919,76.1848,Kochi-Kozhikode,9.0,6
19.6829,73.6565,Pune-Nashik,7.2,8
12.9295,75.7445,Bengaluru-Mangaluru,7.1,8
18.7053,73.7561,Mumbai-Pune,7.8,8
18.6206,73.5287,Mumbai-Pune,7.2,8
18.7796,73.3533,Mumbai-Pune,9.2,6
17.1057,73.7838,Mumbai-Goa,3.6,12
16.1481,73.5011,Mumbai-Goa,7.3,8
12.9227,75.6465,Bengaluru-Mangaluru,9.8,7
16.7507,73.3938,Mumbai-Goa,9.7,6
10.0599,76.254,Kochi-Kozhikode,8.4,8
19.683,73.7751,Pune-Nashik,7.8,2
19.5895,73.8375,Pune-Nashik,6.8,7
18.7563,73.3463,Mumbai-Pune,9.3,6
17.0557,73.5417,Mumbai-Goa,6.9,9
13.0297,75.5044,Bengaluru-Mangaluru,7.1,6
16.8123,73.3777,Mumbai-Goa,5.2,5
18.8206,73.7152,Mumbai-Pune,2.9,3
16.7556,73.5472,Mumbai-Goa,8.3,7
12.9946,75.4271,Bengaluru-Mangaluru,6.9,6
10.9631,76.2186,Kochi-Kozhikode,9.6,9
18.9527,73.3431,Mumbai-Pune,8.2,6
18.7862,73.6111,Mumbai-Pune,9.1,8
18.6823,73.26,Mumbai-Pune,2.1,10
18.5944,73.5683,Mumbai-Pune,7.2,8
17.1127,73.4931,Mumbai-Goa,9.2,8
10.8525,76.0015,Kochi-Kozhikode,1.7,12
19.8446,73.8613,Pune-Nashik,5.5,1
18.7048,73.0577,Mumbai-Pune,7.8,6
17.3534,73.9457,Mumbai-Goa,7.0,12
18.7596,73.4816,Mumbai-Pune,6.6,7
10.8902,76.1196,Kochi-Kozhikode,7.9,9
12.8012,75.6884,Bengaluru-Mangaluru,9.7,8
13.1353,75.8523,Bengaluru-Mangaluru,2.8,12
17.4178,73.4361,Mumbai-Goa,9.6,6
18.6634,73.3858,Mumbai-Pune,9.9,9
10.723,75.9805,Kochi-Kozhikode,9.3,7
16.9181,73.6368,Mumbai-Goa,5.7,4
10.4827,76.2338,Kochi-Kozhikode,8.9,8
12.8802,75.52,Bengaluru-Mangaluru,9.4,8
12.7735,75.2897,Bengaluru-Mangaluru,9.5,9
19.6823,73.8564,Pune-Nashik,6.3,5
18.6371,73.2543,Mumbai-Pune,6.6,9
12.858,75.9129,Bengaluru-Mangaluru,1.1,12
18.7273,73.2309,Mumbai-Pune,2.9,3
18.7285,73.3693,Mumbai-Pune,7.5,8
10.2943,76.0952,Kochi-Kozhikode,7.0,5
10.7567,76.1609,Kochi-Kozhikode,8.0,3
17.5009,73.6408,Mumbai-Goa,6.7,8
18.7336,73.5669,Mumbai-Pune,8.5,8
19.5731,73.7532,Pune-Nashik,8.8,7
18.9752,73.4067,Mumbai-Pune,7.5,9
10.8026,76.0979,Kochi-Kozhikode,3.8,11
19.6198,73.8374,Pune-Nashik,2.9,5
10.7814,76.1152,Kochi-Kozhikode,8.8,6
19.5426,73.8021,Pune-Nashik,6.4,12
18.7471,73.3389,Mumbai-Pune,9.1,9
18.42,73.5972,Mumbai-Pune,7.1,10
17.6138,73.177,Mumbai-Goa,8.4,9
18.6876,73.412,Mumbai-Pune,6.5,9
12.8681,75.882,Bengaluru-Mangaluru,9.8,6
13.097,76.1952,Bengaluru-Mangaluru,8.0,7
12.5686,75.8047,Bengaluru-Mangaluru,7.3,8
13.0558,75.2112,Bengaluru-Mangaluru,6.7,8
12.8572,75.5304,Bengaluru-Mangaluru,7.0,9
10.5361,76.0319,Kochi-Kozhikode,6.8,9
19.4889,74.0033,Pune-Nashik,1.2,10
10.9754,76.2113,Kochi-Kozhikode,2.3,2
19.6722,73.7512,Pune-Nashik,4.1,4
12.8344,75.6918,Bengaluru-Mangaluru,7.7,4
12.7472,75.7337,Bengaluru-Mangaluru,3.1,2
10.7549,76.0672,Kochi-Kozhikode,9.3,9
12.9889,75.6833,Bengaluru-Mangaluru,7.8,9
16.7827,73.6449,Mumbai-Goa,7.0,6
18.6554,73.4693,Mumbai-Pune,1.1,10
18.7397,73.3938,Mumbai-Pune,8.4,9
19.0401,73.4991,Mumbai-Pune,7.4,7
12.9741,75.542,Bengaluru-Mangaluru,6.4,1
18.9733,73.1709,Mumbai-Pune,3.9,3
17.006,73.3436,Mumbai-Goa,2.4,3
18.8309,73.3792,Mumbai-Pune,8.6,9
12.8347,75.7967,Bengaluru-Mangaluru,7.2,4
12.812,75.3359,Bengaluru-Mangaluru,1.4,11
12.5779,75.3239,Bengaluru-Mangaluru,7.8,6
18.6138,73.4682,Mumbai-Pune,8.7,9
12.7399,75.929,Bengaluru-Mangaluru,7.7,7
18.1465,73.5501,Mumbai-Goa,4.0,10
16.2234,73.7121,Mumbai-Goa,4.1,5
18.7685,73.3891,Mumbai-Pune,9.9,7
18.8828,73.2484,Mumbai-Pune,7.7,7
10.6978,76.1349,Kochi-Kozhikode,8.5,8
12.6729,76.2386,Bengaluru-Mangaluru,1.3,2
18.6436,73.7354,Mumbai-Pune,9.5,6
12.8953,75.8069,Bengaluru-Mangaluru,7.6,8
18.675,73.4011,Mumbai-Pune,9.3,6
18.76,73.4169,Mumbai-Pune,8.3,9
18.7182,73.3936,Mumbai-Pune,9.1,7
18.7769,73.2076,Mumbai-Pune,4.0,2
19.4652,73.915,Pune-Nashik,7.9,3
16.4071,73.6854,Mumbai-Goa,7.4,6
12.9214,75.5655,Bengaluru-Mangaluru,1.2,2
18.7516,73.4391,Mumbai-Pune,2.0,12
10.6988,76.0319,Kochi-Kozhikode,8.9,6
12.9245,75.4166,Bengaluru-Mangaluru,8.8,8
10.8765,75.951,Kochi-Kozhikode,6.8,9
17.2345,73.5591,Mumbai-Goa,6.6,9
19.6256,73.936,Pune-Nashik,3.5,1
11.1123,76.1888,Kochi-Kozhikode,6.7,5
10.4548,75.988,Kochi-Kozhikode,9.1,9
12.8219,75.6049,Bengaluru-Mangaluru,9.9,7
17.0682,73.4093,Mumbai-Goa,9.0,7
17.8021,73.6562,Mumbai-Goa,8.4,7
12.9233,75.4584,Bengaluru-Mangaluru,7.6,8
10.4107,76.3454,Kochi-Kozhikode,8.6,7
12.8236,75.3363,Bengaluru-Mangaluru,9.2,6
12.874,76.2782,Bengaluru-Mangaluru,6.6,7
10.6269,75.9817,Kochi-Kozhikode,7.5,4
16.5828,73.6317,Mumbai-Goa,6.6,7
12.7813,76.0936,Bengaluru-Mangaluru,4.2,1
18.7932,73.4208,Mumbai-Pune,6.4,1
17.8116,73.2859,Mumbai-Goa,8.9,8
12.7927,75.7313,Bengaluru-Mangaluru,8.9,7
19.5424,73.8607,Pune-Nashik,7.6,7
12.6235,75.1712,Bengaluru-Mangaluru,7.8,8
13.22,75.582,Bengaluru-Mangaluru,8.5,6
18.8506,73.3209,Mumbai-Pune,6.1,1
19.0723,73.0032,Mumbai-Pune,4.5,1
10.7934,76.2549,Kochi-Kozhikode,6.8,9
10.6824,76.2586,Kochi-Kozhikode,6.7,7
10.9327,76.0508,Kochi-Kozhikode,1.3,5
18.8053,73.5094,Mumbai-Pune,3.5,3
18.8044,73.2233,Mumbai-Pune,6.7,6
12.8091,75.5536,Bengaluru-Mangaluru,6.7,7
12.9837,76.033,Bengaluru-Mangaluru,3.2,5
13.1143,75.7446,Bengaluru-Mangaluru,7.2,12
10.786,76.1543,Kochi-Kozhikode,9.3,6
19.6178,73.7332,Pune-Nashik,7.5,6
17.0236,73.5763,Mumbai-Goa,8.5,8
19.0456,73.4312,Mumbai-Pune,7.0,6
17.0819,73.6351,Mumbai-Goa,4.6,11
19.6834,73.8902,Pune-Nashik,7.0,8
19.593,73.7047,Pune-Nashik,9.5,9
10.4072,75.8608,Kochi-Kozhikode,3.1,10
18.9445,73.822,Mumbai-Pune,7.0,6
12.9537,75.6389,Bengaluru-Mangaluru,7.6,3
18.7738,73.2564,Mumbai-Pune,6.7,6
19.2825,74.0363,Pune-Nashik,5.5,1
18.6554,73.5185,Mumbai-Pune,7.0,9
10.7926,76.1596,Kochi-Kozhikode,7.0,8
18.7525,73.4033,Mumbai-Pune,4.3,12
19.6938,73.8048,Pune-Nashik,7.7,9
12.912,75.5133,Bengaluru-Mangaluru,6.7,12
16.7588,73.4614,Mumbai-Goa,2.6,12
19.6222,73.8081,Pune-Nashik,1.2,10
16.5339,73.3486,Mumbai-Goa,9.3,6
18.8599,73.2994,Mumbai-Pune,8.4,9
19.6728,74.049,Pune-Nashik,7.1,8
12.6143,75.8941,Bengaluru-Mangaluru,9.8,6
12.8766,75.5176,Bengaluru-Mangaluru,1.4,10
10.9542,75.8001,Kochi-Kozhikode,7.9,7
18.6098,73.7149,Mumbai-Pune,3.4,11
13.0809,75.6369,Bengaluru-Mangaluru,4.8,5
16.0852,73.2822,Mumbai-Goa,8.7,9
19.7032,73.72,Pune-Nashik,3.7,12
18.869,73.1208,Mumbai-Pune,8.2,6
18.7734,73.5001,Mumbai-Pune,4.0,12
16.8003,73.2257,Mumbai-Goa,9.1,6
16.9267,73.6332,Mumbai-Goa,7.8,6
12.8353,75.8643,Bengaluru-Mangaluru,4.7,5
18.2971,73.0781,Mumbai-Goa,7.7,8
17.6471,73.4546,Mumbai-Goa,6.6,11
12.8443,75.8725,Bengaluru-Mangaluru,8.5,8
18.4191,73.4363,Mumbai-Pune,8.7,6
18.8882,73.3412,Mumbai-Pune,9.3,7
18.7132,73.3683,Mumbai-Pune,9.9,6
18.6324,73.2967,Mumbai-Pune,6.1,11
12.7745,75.456,Bengaluru-Mangaluru,7.9,6
10.3505,76.2785,Kochi-Kozhikode,8.0,8
16.8887,73.5293,Mumbai-Goa,5.5,1
13.0938,75.4128,Bengaluru-Mangaluru,7.9,6
17.2199,73.4733,Mumbai-Goa,8.9,7
16.8839,73.5844,Mumbai-Goa,2.8,10
18.8596,73.7519,Mumbai-Pune,1.6,2
13.0661,76.4507,Bengaluru-Mangaluru,5.6,3
10.5895,76.1335,Kochi-Kozhikode,6.8,8
19.6166,73.8931,Pune-Nashik,4.4,5
19.6289,74.0648,Pune-Nashik,6.9,9
18.6942,73.3403,Mumbai-Pune,8.2,8
10.6832,76.0514,Kochi-Kozhikode,8.3,8
16.6928,73.6486,Mumbai-Goa,3.7,2
17.3617,73.4287,Mumbai-Goa,3.8,10
10.6439,76.1412,Kochi-Kozhikode,4.9,5
18.7017,73.4712,Mumbai-Pune,8.7,8
18.8151,73.4403,Mumbai-Pune,9.4,8
18.7678,73.2295,Mumbai-Pune,9.3,6
10.8048,76.3187,Kochi-Kozhikode,8.2,6
11.0902,76.2571,Kochi-Kozhikode,1.3,3
18.6964,73.3564,Mumbai-Pune,5.2,2
12.9357,75.6627,Bengaluru-Mangaluru,5.8,11
13.2642,75.8896,Bengaluru-Mangaluru,8.0,6
18.8076,73.6261,Mumbai-Pune,8.7,7
18.7345,73.3102,Mumbai-Pune,8.6,7
13.1924,75.3092,Bengaluru-Mangaluru,7.1,9
18.6293,73.3178,Mumbai-Pune,4.9,5
16.8892,73.7243,Mumbai-Goa,8.8,7
18.7047,73.4252,Mumbai-Pune,5.7,12
19.5984,73.954,Pune-Nashik,6.7,9
13.2159,75.5005,Bengaluru-Mangaluru,8.5,7
12.8388,75.7958,Bengaluru-Mangaluru,6.2,10
18.8097,73.6078,Mumbai-Pune,8.6,9
18.8424,73.878,Mumbai-Pune,6.7,7
17.0898,73.4551,Mumbai-Goa,6.5,4
17.092,73.6386,Mumbai-Goa,9.4,9
16.4444,73.4342,Mumbai-Goa,8.0,7
15.8874,73.5311,Mumbai-Goa,6.8,6
12.6327,75.4437,Bengaluru-Mangaluru,7.6,6
17.1667,73.5634,Mumbai-Goa,3.8,12
13.0333,75.8192,Bengaluru-Mangaluru,6.6,9
13.0728,75.7216,Bengaluru-Mangaluru,9.6,7
10.7687,76.1128,Kochi-Kozhikode,6.6,9
17.2921,73.3979,Mumbai-Goa,2.7,4
13.3711,76.0543,Bengaluru-Mangaluru,2.9,4
18.7823,73.3557,Mumbai-Pune,8.9,6
16.9093,73.6598,Mumbai-Goa,4.2,2
18.4539,73.1483,Mumbai-Pune,7.2,7
16.9621,73.5058,Mumbai-Goa,6.2,12
18.5626,73.8527,Mumbai-Pune,8.8,9
12.73,75.7399,Bengaluru-Mangaluru,9.6,9
18.8065,73.6434,Mumbai-Pune,4.2,1
18.7231,73.4247,Mumbai-Pune,8.8,7
18.8022,73.3968,Mumbai-Pune,8.8,7
17.1875,73.1215,Mumbai-Goa,9.7,9
12.8313,76.0582,Bengaluru-Mangaluru,9.3,8
18.7718,73.5775,Mumbai-Pune,8.7,6
18.7417,73.4314,Mumbai-Pune,6.8,7
10.5916,76.1433,Kochi-Kozhikode,7.0,6
19.6608,73.8663,Pune-Nashik,6.8,8
16.7549,73.5243,Mumbai-Goa,7.0,9
18.8439,73.2845,Mumbai-Pune,5.1,10
16.8777,73.5558,Mumbai-Goa,3.7,3
12.9166,75.4687,Bengaluru-Mangaluru,7.3,9
19.7195,73.7167,Pune-Nashik,7.5,6
12.8301,75.6707,Bengaluru-Mangaluru,6.7,8
17.4088,73.4918,Mumbai-Goa,7.8,9
18.7014,73.6116,Mumbai-Pune,7.1,9
12.5487,75.4375,Bengaluru-Mangaluru,8.7,6
18.6233,73.1526,Mumbai-Pune,8.9,8
19.644,73.8061,Pune-Nashik,7.9,8
18.6606,73.4797,Mumbai-Pune,6.8,6
18.7713,73.3365,Mumbai-Pune,5.2,3
19.2949,73.5901,Pune-Nashik,1.9,4
12.74,75.7636,Bengaluru-Mangaluru,6.9,9
18.8069,73.3888,Mumbai-Pune,9.1,6
18.5293,73.3164,Mumbai-Pune,7.1,8
13.1308,75.3994,Bengaluru-Mangaluru,7.2,6
12.7093,75.4703,Bengaluru-Mangaluru,4.3,4
16.2702,73.3548,Mumbai-Goa,6.9,7
18.746,73.4274,Mumbai-Pune,1.6,5
18.7289,73.4396,Mumbai-Pune,7.5,9
11.2037,76.4574,Kochi-Kozhikode,6.9,6
12.7436,75.8707,Bengaluru-Mangaluru,9.9,6
18.7428,73.5257,Mumbai-Pune,4.0,11
12.9428,75.6856,Bengaluru-Mangaluru,8.6,9
17.0852,73.556,Mumbai-Goa,7.3,6
18.8062,73.5495,Mumbai-Pune,8.9,6
13.1611,75.7799,Bengaluru-Mangaluru,8.2,9
19.6373,74.1668,Pune-Nashik,7.6,9
18.7672,73.4798,Mumbai-Pune,4.0,5
16.8708,73.68,Mumbai-Goa,2.1,12
17.404,73.3528,Mumbai-Goa,1.3,10
12.8155,75.9377,Bengaluru-Mangaluru,3.4,10
18.7465,73.239,Mumbai-Pune,8.9,8
18.7612,73.3234,Mumbai-Pune,8.0,9
16.7821,73.3903,Mumbai-Goa,7.2,9
13.0051,75.4776,Bengaluru-Mangaluru,8.7,8
16.755,73.2638,Mumbai-Goa,9.9,9
18.7104,73.1273,Mumbai-Pune,6.8,9
18.6114,73.4855,Mumbai-Pune,8.3,9
18.8188,73.4479,Mumbai-Pune,5.6,3
17.1851,73.6144,Mumbai-Goa,1.4,11
18.6654,73.3946,Mumbai-Pune,7.0,5
18.7497,73.2697,Mumbai-Pune,2.7,3
18.8815,73.4987,Mumbai-Pune,4.1,12
18.7307,73.403,Mumbai-Pune,8.8,8
16.9677,73.2448,Mumbai-Goa,7.1,2
12.8969,76.2597,Bengaluru-Mangaluru,4.5,4
13.4316,75.3777,Bengaluru-Mangaluru,6.6,4
13.244,76.4033,Bengaluru-Mangaluru,7.5,6
16.8197,73.4148,Mumbai-Goa,8.2,6
10.5445,76.301,Kochi-Kozhikode,5.2,1
12.7748,75.5473,Bengaluru-Mangaluru,3.2,4
13.1247,75.7202,Bengaluru-Mangaluru,7.7,12
10.4461,76.4016,Kochi-Kozhikode,9.3,9
18.9762,73.8464,Mumbai-Pune,9.6,9
12.8286,75.7074,Bengaluru-Mangaluru,9.2,8
13.0749,75.7734,Bengaluru-Mangaluru,6.9,8
11.1447,76.3929,Kochi-Kozhikode,6.1,10
16.9194,73.4191,Mumbai-Goa,7.9,6
10.9309,76.1344,Kochi-Kozhikode,2.4,4
18.8283,73.4715,Mumbai-Pune,7.1,7
13.0312,75.4996,Bengaluru-Mangaluru,2.6,12
10.4319,76.1459,Kochi-Kozhikode,9.4,7
18.4201,73.8785,Mumbai-Pune,8.9,9
18.3334,73.3976,Mumbai-Goa,8.6,9
18.8653,73.4222,Mumbai-Pune,9.9,8
13.1594,75.4708,Bengaluru-Mangaluru,8.8,9
17.4642,73.5247,Mumbai-Goa,7.0,9
16.6883,73.4395,Mumbai-Goa,9.4,7
18.8291,73.6854,Mumbai-Pune,7.6,8
18.8602,73.7184,Mumbai-Pune,6.6,7
16.7959,73.553,Mumbai-Goa,7.9,12
18.0539,73.1237,Mumbai-Goa,9.1,8
12.9654,75.4924,Bengaluru-Mangaluru,2.3,1
16.8921,73.7678,Mumbai-Goa,6.9,8
10.2307,75.8567,Kochi-Kozhikode,2.9,12
18.9012,73.4491,Mumbai-Pune,9.3,7
18.7533,73.4135,Mumbai-Pune,2.2,11
18.5141,73.7015,Mumbai-Pune,9.3,7
12.9767,75.4082,Bengaluru-Mangaluru,8.1,8
16.8164,73.2914,Mumbai-Goa,5.4,10
19.6399,73.9066,Pune-Nashik,8.8,7
17.0418,73.1486,Mumbai-Goa,7.5,8
10.7094,76.2377,Kochi-Kozhikode,9.0,9
18.6427,73.2353,Mumbai-Pune,7.1,6
18.7696,73.5178,Mumbai-Pune,6.3,10
19.0099,73.1685,Mumbai-Pune,8.4,8
18.8973,73.3484,Mumbai-Pune,8.6,9
13.0348,75.5928,Bengaluru-Mangaluru,1.9,11
19.0013,73.1883,Mumbai-Pune,9.5,7
19.5827,73.9273,Pune-Nashik,7.0,6
17.112,73.303,Mumbai-Goa,9.4,7
18.8792,73.5553,Mumbai-Pune,5.2,11
18.6953,73.4445,Mumbai-Pune,8.3,9
17.0606,73.5326,Mumbai-Goa,9.8,9
16.7212,73.416,Mumbai-Goa,4.6,12
19.5974,73.9526,Pune-Nashik,6.1,12
12.968,75.5305,Bengaluru-Mangaluru,3.0,12
18.8175,73.0795,Mumbai-Pune,8.2,6
18.8505,73.2043,Mumbai-Pune,6.8,10
18.7183,73.274,Mumbai-Pune,7.4,6
13.057,76.3445,Bengaluru-Mangaluru,7.6,2
13.2817,75.9145,Bengaluru-Mangaluru,1.7,2
18.6367,73.5306,Mumbai-Pune,7.1,12
19.5532,73.8803,Pune-Nashik,1.0,12
16.8848,73.5596,Mumbai-Goa,7.4,9
18.6894,73.3684,Mumbai-Pune,9.2,8
10.8144,75.9877,Kochi-Kozhikode,9.2,7
18.8372,73.3445,Mumbai-Pune,5.8,5
12.7054,75.5197,Bengaluru-Mangaluru,7.0,8
18.8813,73.4956,Mumbai-Pune,6.7,12
18.7195,73.3607,Mumbai-Pune,9.1,8
16.7955,73.7596,Mumbai-Goa,8.7,8
12.9477,75.6806,Bengaluru-Mangaluru,8.3,8
19.703,73.8709,Pune-Nashik,8.1,6
17.894,73.989,Mumbai-Goa,8.8,7
12.8676,75.5632,Bengaluru-Mangaluru,9.4,8
18.7437,73.3958,Mumbai-Pune,7.0,6
19.6728,73.8545,Pune-Nashik,8.7,9
10.6254,75.914,Kochi-Kozhikode,9.9,9
18.8141,73.3909,Mumbai-Pune,9.8,7
18.7569,73.1752,Mumbai-Pune,10.0,7
18.8302,73.439,Mumbai-Pune,3.1,11
13.0248,75.057,Bengaluru-Mangaluru,8.0,8
17.5787,73.4826,Mumbai-Goa,8.1,7
18.4625,73.5623,Mumbai-Pune,7.7,9
10.9689,76.4062,Kochi-Kozhikode,5.5,5
13.0385,75.405,Bengaluru-Mangaluru,6.6,7
18.8036,73.2815,Mumbai-Pune,5.1,4
12.822,75.9589,Bengaluru-Mangaluru,8.0,6
19.5809,73.869,Pune-Nashik,2.8,3
10.9631,76.1434,Kochi-Kozhikode,6.7,8
18.5806,73.8474,Mumbai-Pune,5.2,1
12.9188,75.6684,Bengaluru-Mangaluru,7.9,6
12.5186,75.8311,Bengaluru-Mangaluru,8.8,6
17.6811,73.4928,Mumbai-Goa,9.9,7
10.8327,75.8293,Kochi-Kozhikode,1.0,5
18.7676,73.5182,Mumbai-Pune,6.9,10
13.0382,75.8226,Bengaluru-Mangaluru,7.0,9
10.9198,76.0,Kochi-Kozhikode,8.7,8
18.8929,73.271,Mumbai-Pune,7.6,7
12.9378,75.4586,Bengaluru-Mangaluru,8.4,6
12.892,75.6616,Bengaluru-Mangaluru,6.8,2
18.6635,73.5412,Mumbai-Pune,9.8,6
13.1806,76.0638,Bengaluru-Mangaluru,9.9,8
17.3757,73.0071,Mumbai-Goa,5.0,11
18.8705,73.5427,Mumbai-Pune,7.4,7
10.4115,76.3934,Kochi-Kozhikode,8.1,8
12.9402,75.6791,Bengaluru-Mangaluru,3.8,10
17.4245,73.5567,Mumbai-Goa,3.9,4
19.5756,73.9344,Pune-Nashik,5.8,1
18.8541,73.2619,Mumbai-Pune,9.3,6
10.3707,76.1315,Kochi-Kozhikode,2.7,1
13.1253,75.8684,Bengaluru-Mangaluru,9.6,6
18.7093,73.2713,Mumbai-Pune,8.5,6
17.0942,73.5876,Mumbai-Goa,9.3,6
18.724,73.5548,Mumbai-Pune,5.1,1
16.8512,73.5157,Mumbai-Goa,4.6,4
12.8784,75.6029,Bengaluru-Mangaluru,8.5,6
12.763,75.33,Bengaluru-Mangaluru,5.2,3
18.8895,73.3047,Mumbai-Pune,6.8,1
19.7124,73.6409,Pune-Nashik,8.9,7
19.5009,73.6616,Pune-Nashik,1.7,5
10.6802,75.9842,Kochi-Kozhikode,4.4,12
19.7642,73.9384,Pune-Nashik,3.5,1
18.6898,73.6534,Mumbai-Pune,7.2,8
10.5097,76.1882,Kochi-Kozhikode,9.7,6
18.8359,73.3635,Mumbai-Pune,2.7,10
11.4965,76.4172,Kochi-Kozhikode,7.5,2
19.3501,74.0505,Pune-Nashik,8.6,7
18.6284,73.2149,Mumbai-Pune,9.9,8
18.8395,73.6745,Mumbai-Pune,6.3,2
19.7384,73.8993,Pune-Nashik,9.0,8
17.0933,73.6067,Mumbai-Goa,2.4,1
19.6571,74.1548,Pune-Nashik,7.5,6
17.1467,73.5351,Mumbai-Goa,7.9,9
18.7591,73.393,Mumbai-Pune,9.7,8
16.655,73.4649,Mumbai-Goa,3.5,4
18.6019,73.3889,Mumbai-Pune,10.0,8
18.6635,73.2758,Mumbai-Pune,6.3,11
16.1881,73.3975,Mumbai-Goa,8.6,7
12.9225,75.861,Bengaluru-Mangaluru,7.6,10
17.1985,73.3037,Mumbai-Goa,6.5,7
19.501,73.9323,Pune-Nashik,7.6,9
18.664,73.3747,Mumbai-Pune,5.2,10
18.7981,73.2911,Mumbai-Pune,8.5,7
19.6105,73.7333,Pune-Nashik,5.2,3
18.5987,73.2097,Mumbai-Pune,4.6,2
10.6872,76.128,Kochi-Kozhikode,6.2,3
10.5013,76.1385,Kochi-Kozhikode,7.1,9
16.8936,73.5691,Mumbai-Goa,9.4,6
18.086,73.4602,Mumbai-Goa,9.7,6
12.928,75.8558,Bengaluru-Mangaluru,9.6,7
10.8235,76.0624,Kochi-Kozhikode,7.3,9
10.8229,76.1475,Kochi-Kozhikode,7.3,2
12.9061,75.6076,Bengaluru-Mangaluru,7.6,6
18.6886,73.3254,Mumbai-Pune,7.9,9
18.6273,73.5968,Mumbai-Pune,4.4,10
12.9377,75.7062,Bengaluru-Mangaluru,8.6,7
16.4957,73.4134,Mumbai-Goa,8.0,6
18.6871,73.5007,Mumbai-Pune,8.7,6
19.5705,73.9592,Pune-Nashik,9.2,6
18.6911,73.4314,Mumbai-Pune,8.9,6
11.2457,75.9175,Kochi-Kozhikode,7.6,9
12.8951,75.6418,Bengaluru-Mangaluru,6.6,6
19.5165,74.0377,Pune-Nashik,6.7,8
12.7516,75.6581,Bengaluru-Mangaluru,5.2,3
13.1937,75.4981,Bengaluru-Mangaluru,7.7,8
17.106,73.5517,Mumbai-Goa,6.3,1
13.1198,75.0899,Bengaluru-Mangaluru,7.2,8
12.9437,76.316,Bengaluru-Mangaluru,6.6,8
18.7338,73.3854,Mumbai-Pune,4.8,10
12.9055,75.5724,Bengaluru-Mangaluru,8.0,9
15.9355,73.992,Mumbai-Goa,4.8,3
18.618,73.6495,Mumbai-Pune,7.5,7
18.7368,73.8559,Mumbai-Pune,8.0,9
13.2936,75.0297,Bengaluru-Mangaluru,7.0,6
19.6964,74.0434,Pune-Nashik,9.0,9
18.7012,73.2459,Mumbai-Pune,8.0,8
19.5912,74.0757,Pune-Nashik,10.0,6
16.6388,73.7049,Mumbai-Goa,9.0,8
13.1097,75.4962,Bengaluru-Mangaluru,7.5,4
12.9711,75.9053,Bengaluru-Mangaluru,8.9,8
16.7768,73.4746,Mumbai-Goa,9.7,6
10.6909,76.0112,Kochi-Kozhikode,2.8,11
17.3238,73.7339,Mumbai-Goa,6.4,2
18.6932,73.2623,Mumbai-Pune,6.7,5
12.9043,75.4556,Bengaluru-Mangaluru,7.1,8
18.7705,73.225,Mumbai-Pune,2.3,12
12.9414,75.7563,Bengaluru-Mangaluru,5.4,11
18.5755,73.4421,Mumbai-Pune,8.2,6
18.8657,73.7103,Mumbai-Pune,7.8,7
12.9732,75.5055,Bengaluru-Mangaluru,10.0,8
13.0535,75.3732,Bengaluru-Mangaluru,6.5,8
12.5257,75.1843,Bengaluru-Mangaluru,8.9,7
17.4436,73.5524,Mumbai-Goa,7.1,10
18.6883,73.3937,Mumbai-Pune,7.5,2
12.9698,75.6143,Bengaluru-Mangaluru,9.0,9
12.5317,75.7469,Bengaluru-Mangaluru,9.8,9
18.7971,73.2964,Mumbai-Pune,6.0,2
19.6169,73.7263,Pune-Nashik,9.6,8
10.7791,76.0209,Kochi-Kozhikode,9.2,8
19.7944,74.0075,Pune-Nashik,1.8,11
19.5264,73.9582,Pune-Nashik,9.5,6
18.8455,73.4685,Mumbai-Pune,7.8,9
18.6544,73.3644,Mumbai-Pune,9.5,6
10.7497,76.119,Kochi-Kozhikode,9.3,7
19.2988,74.1978,Pune-Nashik,4.5,12
13.0516,75.6266,Bengaluru-Mangaluru,7.5,4
13.1899,75.6737,Bengaluru-Mangaluru,3.4,3
19.6192,73.823,Pune-Nashik,7.2,8
18.8063,73.7246,Mumbai-Pune,5.0,5
18.7617,73.3828,Mumbai-Pune,7.8,7
10.9328,76.1837,Kochi-Kozhikode,7.5,11
16.1051,73.5154,Mumbai-Goa,7.9,9
19.5214,73.7335,Pune-Nashik,9.2,7
10.4557,76.1444,Kochi-Kozhikode,6.9,9
12.7621,75.1963,Bengaluru-Mangaluru,6.8,9
10.4475,75.8877,Kochi-Kozhikode,6.6,7
12.9486,76.0674,Bengaluru-Mangaluru,9.6,6
12.8992,75.7572,Bengaluru-Mangaluru,8.5,8
15.891,73.9799,Mumbai-Goa,9.9,8
19.6156,74.048,Pune-Nashik,5.9,12
10.8153,76.0913,Kochi-Kozhikode,7.3,6
10.9723,76.0746,Kochi-Kozhikode,6.9,7
16.9869,73.5402,Mumbai-Goa,9.8,7
12.8165,75.786,Bengaluru-Mangaluru,7.2,8
12.8781,75.4583,Bengaluru-Mangaluru,8.0,7
18.7969,73.2989,Mumbai-Pune,6.8,9
18.5916,73.0882,Mumbai-Pune,6.5,4
12.9035,75.5983,Bengaluru-Mangaluru,5.9,12
18.845,73.4534,Mumbai-Pune,9.3,8
16.8919,73.6022,Mumbai-Goa,1.1,12
13.0738,75.7046,Bengaluru-Mangaluru,8.7,8
18.7509,73.2524,Mumbai-Pune,6.6,3
10.6003,76.0733,Kochi-Kozhikode,1.6,4
19.539,73.8336,Pune-Nashik,6.7,7
18.3016,73.424,Mumbai-Goa,8.9,7
12.9071,75.6993,Bengaluru-Mangaluru,8.4,6
13.3234,76.3205,Bengaluru-Mangaluru,7.1,6
16.8771,73.5608,Mumbai-Goa,6.7,7
19.6064,73.6771,Pune-Nashik,7.0,4
18.6678,73.3838,Mumbai-Pune,7.5,11
11.3387,76.3938,Kochi-Kozhikode,7.5,6
10.5732,76.1525,Kochi-Kozhikode,6.8,6
15.818,73.7694,Mumbai-Goa,7.8,9
13.0913,75.8285,Bengaluru-Mangaluru,9.1,9
10.76,76.2304,Kochi-Kozhikode,9.1,6
13.4597,76.4744,Bengaluru-Mangaluru,8.9,9
13.0019,76.3853,Bengaluru-Mangaluru,1.8,11
19.6149,73.8205,Pune-Nashik,4.0,1
16.7006,73.4622,Mumbai-Goa,9.1,9
13.4943,75.371,Bengaluru-Mangaluru,6.7,4
18.8402,73.1339,Mumbai-Pune,7.2,9
12.8515,75.632,Bengaluru-Mangaluru,8.7,9
16.9522,73.5004,Mumbai-Goa,7.8,6
18.5272,73.0005,Mumbai-Pune,3.0,10
18.6545,73.2739,Mumbai-Pune,9.5,6
13.0889,75.9071,Bengaluru-Mangaluru,6.8,8
12.9546,75.8232,Bengaluru-Mangaluru,9.7,7
13.0187,75.3216,Bengaluru-Mangaluru,6.7,7
13.2594,76.2691,Bengaluru-Mangaluru,9.0,8
16.07,73.6168,Mumbai-Goa,5.9,1
10.5437,76.0803,Kochi-Kozhikode,4.5,4
10.5806,75.9423,Kochi-Kozhikode,3.8,11
18.7974,73.4854,Mumbai-Pune,9.0,6
10.6919,75.8733,Kochi-Kozhikode,8.4,6
19.0491,73.2434,Mumbai-Pune,1.0,4
10.6976,76.1343,Kochi-Kozhikode,7.3,5
18.9768,73.1974,Mumbai-Pune,4.8,3
12.7151,75.6344,Bengaluru-Mangaluru,5.4,11
12.8981,75.7086,Bengaluru-Mangaluru,9.1,9
10.8224,76.0149,Kochi-Kozhikode,8.2,7
18.8547,73.3822,Mumbai-Pune,6.7,9
16.8911,73.3833,Mumbai-Goa,6.5,7
18.9344,73.58,Mumbai-Pune,9.8,7
10.1595,76.3153,Kochi-Kozhikode,9.2,6
19.5557,73.7726,Pune-Nashik,6.6,8
18.7349,73.5926,Mumbai-Pune,1.2,3
19.4628,73.7088,Pune-Nashik,6.8,11
11.0758,76.0817,Kochi-Kozhikode,3.3,5
10.9068,75.9246,Kochi-Kozhikode,9.6,7
12.8164,75.795,Bengaluru-Mangaluru,7.4,9
18.697,73.6054,Mumbai-Pune,2.0,3
12.9847,75.5085,Bengaluru-Mangaluru,6.8,9
19.8157,73.797,Pune-Nashik,7.7,9
17.1412,73.5374,Mumbai-Goa,9.0,7
13.2031,75.3528,Bengaluru-Mangaluru,9.9,6
11.0441,76.2366,Kochi-Kozhikode,6.8,3
10.806,76.0341,Kochi-Kozhikode,7.7,1
18.6602,73.6313,Mumbai-Pune,7.1,2
18.7902,73.3238,Mumbai-Pune,8.1,9
13.1517,75.6256,Bengaluru-Mangaluru,8.9,8
18.718,73.4208,Mumbai-Pune,7.9,7
10.5474,76.015,Kochi-Kozhikode,7.5,5
16.1253,73.2119,Mumbai-Goa,9.1,7
18.855,73.3261,Mumbai-Pune,9.3,9
18.6584,73.4604,Mumbai-Pune,7.1,8
16.6037,73.5517,Mumbai-Goa,9.9,6
11.0223,76.1629,Kochi-Kozhikode,7.7,6
17.2237,73.4054,Mumbai-Goa,6.8,8
16.4379,73.6877,Mumbai-Goa,4.3,1
18.7218,73.3718,Mumbai-Pune,2.5,2
13.066,75.7043,Bengaluru-Mangaluru,3.4,10
10.8855,76.2894,Kochi-Kozhikode,5.3,11
16.0533,73.0149,Mumbai-Goa,6.6,5
16.6909,73.616,Mumbai-Goa,7.7,6
12.9071,75.6504,Bengaluru-Mangaluru,7.0,8
17.3968,73.5635,Mumbai-Goa,7.0,9
12.9673,75.8011,Bengaluru-Mangaluru,9.6,9
10.7316,76.0266,Kochi-Kozhikode,3.0,1
10.6041,75.9279,Kochi-Kozhikode,5.5,2
18.9299,73.2759,Mumbai-Pune,7.7,9
12.8723,75.5481,Bengaluru-Mangaluru,4.8,2
12.9384,75.753,Bengaluru-Mangaluru,7.8,9
18.8253,73.3344,Mumbai-Pune,7.1,9
16.8457,73.5353,Mumbai-Goa,7.3,11
18.6394,73.6779,Mumbai-Pune,8.4,8
12.8689,75.9014,Bengaluru-Mangaluru,7.3,11
12.9614,75.7378,Bengaluru-Mangaluru,8.1,8
19.7392,73.684,Pune-Nashik,5.5,12
12.9829,75.82,Bengaluru-Mangaluru,3.4,3
12.8703,75.5457,Bengaluru-Mangaluru,6.9,8
16.9588,73.3379,Mumbai-Goa,7.7,9
17.0299,73.4186,Mumbai-Goa,8.8,9
18.7037,73.466,Mumbai-Pune,1.7,2
11.0322,76.1019,Kochi-Kozhikode,5.1,2
10.8579,76.2489,Kochi-Kozhikode,4.3,11
12.9301,76.0878,Bengaluru-Mangaluru,6.5,11
10.906,75.9459,Kochi-Kozhikode,7.3,11
18.9885,73.4671,Mumbai-Pune,5.0,10
10.9413,76.1334,Kochi-Kozhikode,9.8,6
18.7621,73.3937,Mumbai-Pune,8.5,7
13.0612,75.7262,Bengaluru-Mangaluru,6.6,8
16.855,73.347,Mumbai-Goa,6.2,2
12.6866,75.9788,Bengaluru-Mangaluru,9.0,7
12.8739,75.4405,Bengaluru-Mangaluru,7.1,1
16.7113,73.5736,Mumbai-Goa,9.5,7
17.4427,73.5493,Mumbai-Goa,7.8,6
16.5113,73.5556,Mumbai-Goa,8.6,7
19.7197,73.7966,Pune-Nashik,2.8,1
18.7383,73.4017,Mumbai-Pune,6.9,7
18.6813,73.4729,Mumbai-Pune,2.4,3
16.8607,73.5524,Mumbai-Goa,3.8,12
18.9022,73.8657,Mumbai-Pune,9.8,8
16.6116,73.4453,Mumbai-Goa,7.8,8
19.6722,73.8174,Pune-Nashik,7.4,7
13.1159,75.5251,Bengaluru-Mangaluru,2.3,10
18.7697,73.5049,Mumbai-Pune,7.6,8
18.6259,73.2019,Mumbai-Pune,7.8,8
18.6165,73.542,Mumbai-Pune,4.0,2
19.5448,74.0738,Pune-Nashik,3.9,12
12.8295,75.6346,Bengaluru-Mangaluru,9.2,6
11.0891,76.2755,Kochi-Kozhikode,7.4,11
18.9304,73.5359,Mumbai-Pune,3.2,11
17.2328,73.5741,Mumbai-Goa,8.1,9
10.9459,76.0518,Kochi-Kozhikode,7.6,6
18.6784,73.3996,Mumbai-Pune,7.5,10
10.7681,76.0603,Kochi-Kozhikode,8.9,8
18.8109,73.5075,Mumbai-Pune,9.1,7
12.9111,75.877,Bengaluru-Mangaluru,7.5,9
18.6501,73.3782,Mumbai-Pune,9.6,6
10.6656,75.9367,Kochi-Kozhikode,8.8,9
18.7428,73.3863,Mumbai-Pune,8.8,8
18.6699,73.4072,Mumbai-Pune,7.5,7
11.0838,76.1552,Kochi-Kozhikode,7.3,9
18.6604,73.6086,Mumbai-Pune,6.8,8
19.7221,73.9009,Pune-Nashik,6.7,9
16.8264,73.3801,Mumbai-Goa,8.3,8
12.7196,75.0797,Bengaluru-Mangaluru,6.9,8
12.8535,75.8041,Bengaluru-Mangaluru,8.9,7
13.1356,75.8894,Bengaluru-Mangaluru,7.1,8
13.1879,75.2553,Bengaluru-Mangaluru,4.2,3
16.7411,73.36,Mumbai-Goa,7.0,2
16.9458,73.2789,Mumbai-Goa,8.5,6
17.005,73.4815,Mumbai-Goa,9.1,6
19.5534,73.7105,Pune-Nashik,6.8,5
11.2854,76.4315,Kochi-Kozhikode,9.0,6
17.0669,73.4334,Mumbai-Goa,5.0,10
19.3551,74.1684,Pune-Nashik,9.6,8
10.5806,75.8487,Kochi-Kozhikode,3.9,10
18.7476,73.5994,Mumbai-Pune,8.5,6
11.1115,76.06,Kochi-Kozhikode,7.8,12
18.6973,73.4527,Mumbai-Pune,7.3,8
18.6626,73.434,Mumbai-Pune,7.7,6
17.2579,73.9537,Mumbai-Goa,5.1,3
18.5741,73.6107,Mumbai-Pune,9.7,9
17.149,73.6534,Mumbai-Goa,7.4,7
19.59,73.8322,Pune-Nashik,9.2,9
16.6147,73.3966,Mumbai-Goa,8.1,8
10.7575,76.1321,Kochi-Kozhikode,3.1,2
19.6914,73.7797,Pune-Nashik,3.7,5
17.1468,73.8392,Mumbai-Goa,8.6,8
12.6214,75.8769,Bengaluru-Mangaluru,7.0,6
11.0799,76.0763,Kochi-Kozhikode,6.5,8
18.7481,73.3159,Mumbai-Pune,7.2,6
16.1121,73.6105,Mumbai-Goa,2.3,5
17.5714,73.8593,Mumbai-Goa,7.1,9
12.9921,75.5473,Bengaluru-Mangaluru,9.9,8
18.7559,73.458,Mumbai-Pune,2.0,12
16.3922,73.4339,Mumbai-Goa,7.7,9
12.9993,75.3648,Bengaluru-Mangaluru,4.5,10
16.9954,73.3304,Mumbai-Goa,8.5,7
12.9583,75.5933,Bengaluru-Mangaluru,6.9,5
16.3751,73.6456,Mumbai-Goa,8.6,8
12.8082,75.4481,Bengaluru-Mangaluru,6.9,7
13.3086,76.099,Bengaluru-Mangaluru,9.1,7
18.7675,73.5292,Mumbai-Pune,8.6,6
19.4984,73.8554,Pune-Nashik,8.0,7
12.9536,75.73,Bengaluru-Mangaluru,8.7,7
18.7654,73.3587,Mumbai-Pune,6.8,9
10.7922,75.9331,Kochi-Kozhikode,8.7,9
12.7966,75.6162,Bengaluru-Mangaluru,9.2,6
16.5516,73.1348,Mumbai-Goa,7.5,6
19.3263,73.7016,Pune-Nashik,8.3,7
17.3152,73.9369,Mumbai-Goa,2.8,1
18.7882,73.5017,Mumbai-Pune,1.4,10
11.0546,76.3359,Kochi-Kozhikode,8.6,6
16.132,73.3738,Mumbai-Goa,2.6,2
19.9772,73.515,Pune-Nashik,7.8,7
18.8868,73.3867,Mumbai-Pune,9.6,7
18.8042,73.6315,Mumbai-Pune,7.3,7
12.9026,75.4635,Bengaluru-Mangaluru,6.7,6
18.734,73.5547,Mumbai-Pune,7.9,7
18.6935,73.3101,Mumbai-Pune,7.7,9
19.5517,73.7666,Pune-Nashik,7.6,7
18.8939,73.5597,Mumbai-Pune,8.3,7
18.7607,73.5828,Mumbai-Pune,5.9,3
10.8606,76.0779,Kochi-Kozhikode,3.1,5
10.7453,75.9632,Kochi-Kozhikode,7.3,9
17.187,73.4903,Mumbai-Goa,9.1,8
10.8864,76.3301,Kochi-Kozhikode,9.7,9
18.2244,73.2874,Mumbai-Goa,5.0,12
10.7662,76.3794,Kochi-Kozhikode,3.0,4
18.7761,73.3154,Mumbai-Pune,8.7,8
18.7127,73.5292,Mumbai-Pune,5.6,1
16.9368,73.3202,Mumbai-Goa,9.5,6
17.1987,73.4165,Mumbai-Goa,2.8,10
11.1512,76.1945,Kochi-Kozhikode,7.3,7
16.7546,73.6601,Mumbai-Goa,10.0,7
13.0404,75.0671,Bengaluru-Mangaluru,6.9,6
19.6068,73.9246,Pune-Nashik,7.1,11
12.9606,75.4413,Bengaluru-Mangaluru,3.1,10
19.0383,73.023,Mumbai-Pune,9.1,8
19.5356,73.9401,Pune-Nashik,5.5,3
10.7372,76.0647,Kochi-Kozhikode,6.9,11
12.7806,75.6794,Bengaluru-Mangaluru,8.5,8
12.7309,75.4722,Bengaluru-Mangaluru,7.2,4
17.5703,73.3666,Mumbai-Goa,9.3,9
12.903,75.8648,Bengaluru-Mangaluru,7.0,9
19.592,73.8896,Pune-Nashik,9.6,7
10.6008,76.1375,Kochi-Kozhikode,8.1,8
18.7336,73.5109,Mumbai-Pune,4.7,2
19.7187,74.0766,Pune-Nashik,9.4,8
12.5452,76.1081,Bengaluru-Mangaluru,9.1,9
17.0884,73.5407,Mumbai-Goa,8.6,6
16.9632,73.4559,Mumbai-Goa,8.2,8
10.8635,76.0742,Kochi-Kozhikode,3.2,11
19.0177,73.6579,Mumbai-Pune,7.6,8
18.7647,73.5482,Mumbai-Pune,7.4,7
10.6113,76.1997,Kochi-Kozhikode,9.1,7
18.7765,73.1756,Mumbai-Pune,9.8,6
17.3281,73.4852,Mumbai-Goa,9.5,6
16.2104,73.424,Mumbai-Goa,9.9,8
18.8635,73.3974,Mumbai-Pune,9.1,8
12.7751,75.5054,Bengaluru-Mangaluru,6.6,11
17.4278,73.9492,Mumbai-Goa,9.6,7
18.8236,73.4615,Mumbai-Pune,5.4,12
10.0048,75.8471,Kochi-Kozhikode,8.0,7
12.8701,75.5312,Bengaluru-Mangaluru,9.6,7
12.851,75.427,Bengaluru-Mangaluru,6.9,9
17.425,73.4597,Mumbai-Goa,8.8,7
12.9837,76.2071,Bengaluru-Mangaluru,7.5,9
11.0282,76.2331,Kochi-Kozhikode,7.9,8
18.8374,73.3514,Mumbai-Pune,6.7,7
17.0312,73.497,Mumbai-Goa,7.0,6
12.5903,76.0571,Bengaluru-Mangaluru,2.5,2
18.6709,73.4365,Mumbai-Pune,7.4,4
16.5168,73.6485,Mumbai-Goa,7.9,6
18.7093,73.4226,Mumbai-Pune,6.9,7
18.589,73.0764,Mumbai-Pune,9.4,9
18.7748,73.3709,Mumbai-Pune,9.1,8
18.8013,73.3466,Mumbai-Pune,1.7,12
17.1863,73.2446,Mumbai-Goa,7.8,9
17.1832,73.3318,Mumbai-Goa,8.5,7
18.7611,73.6181,Mumbai-Pune,8.2,7
17.1609,73.8397,Mumbai-Goa,3.2,1
18.6625,73.3238,Mumbai-Pune,9.1,6
19.6514,73.8657,Pune-Nashik,9.1,9
18.7807,73.455,Mumbai-Pune,6.9,6
10.919,76.1971,Kochi-Kozhikode,8.2,7
18.7859,73.3729,Mumbai-Pune,7.2,5
18.8089,73.6137,Mumbai-Pune,8.2,8
11.2786,75.8947,Kochi-Kozhikode,7.1,9
10.7751,76.0147,Kochi-Kozhikode,6.8,6
18.8469,73.3865,Mumbai-Pune,9.7,7
10.3926,76.1741,Kochi-Kozhikode,7.5,10
12.8331,75.583,Bengaluru-Mangaluru,8.5,7
16.6584,73.772,Mumbai-Goa,8.8,8
18.779,73.4214,Mumbai-Pune,9.6,7
10.933,76.0619,Kochi-Kozhikode,3.1,11
17.0668,73.4676,Mumbai-Goa,8.3,9
12.9924,75.7154,Bengaluru-Mangaluru,8.0,8
12.7831,75.8036,Bengaluru-Mangaluru,6.6,9
12.833,75.7515,Bengaluru-Mangaluru,9.8,7
19.6367,74.0108,Pune-Nashik,9.7,8
12.8721,75.5345,Bengaluru-Mangaluru,8.9,9
18.7483,73.3659,Mumbai-Pune,8.2,9
13.0,75.2969,Bengaluru-Mangaluru,9.0,8
18.6578,73.2799,Mumbai-Pune,1.4,1
18.8586,73.6637,Mumbai-Pune,10.0,8
10.9782,76.2497,Kochi-Kozhikode,6.3,1
18.7409,73.381,Mumbai-Pune,7.1,7
10.8131,76.2017,Kochi-Kozhikode,9.4,6
16.5986,73.5298,Mumbai-Goa,8.7,6
13.0219,75.694,Bengaluru-Mangaluru,7.6,6
10.8355,76.1876,Kochi-Kozhikode,5.9,3
16.0214,73.5847,Mumbai-Goa,3.1,5
18.6928,73.1941,Mumbai-Pune,7.1,9
16.928,73.646,Mumbai-Goa,7.8,5
12.9639,75.8576,Bengaluru-Mangaluru,1.2,5
12.8828,75.7787,Bengaluru-Mangaluru,8.8,8
13.1015,75.8465,Bengaluru-Mangaluru,3.3,1
18.8935,73.4835,Mumbai-Pune,8.7,7
16.9245,73.2998,Mumbai-Goa,3.4,5
18.564,73.8413,Mumbai-Pune,2.9,2
18.7285,73.3051,Mumbai-Pune,1.9,4
18.94,73.3802,Mumbai-Pune,2.2,3
18.7608,73.462,Mumbai-Pune,8.0,7
15.8129,73.1593,Mumbai-Goa,8.2,9
12.5958,75.1928,Bengaluru-Mangaluru,7.3,3
16.9142,73.7119,Mumbai-Goa,2.2,1
19.6885,74.0262,Pune-Nashik,1.3,4
19.5377,73.867,Pune-Nashik,9.4,8
10.6608,75.9845,Kochi-Kozhikode,7.7,6
16.2183,73.1287,Mumbai-Goa,9.9,9
18.6965,73.3958,Mumbai-Pune,7.4,2
16.7605,73.4134,Mumbai-Goa,9.9,8
10.5363,76.0927,Kochi-Kozhikode,8.7,8
18.6183,73.4855,Mumbai-Pune,9.6,9
16.9268,73.3178,Mumbai-Goa,3.1,1
19.5691,73.7842,Pune-Nashik,9.1,8
17.0037,73.6676,Mumbai-Goa,7.7,9
18.9844,73.6594,Mumbai-Pune,7.8,9
12.6011,75.7689,Bengaluru-Mangaluru,4.0,10
13.2427,75.1189,Bengaluru-Mangaluru,8.0,2
10.4484,76.1101,Kochi-Kozhikode,6.3,10
12.88,75.7259,Bengaluru-Mangaluru,7.1,6
16.9693,73.406,Mumbai-Goa,8.6,7
18.7221,73.3104,Mumbai-Pune,9.0,6
13.0345,75.604,Bengaluru-Mangaluru,7.7,6
11.1565,76.0947,Kochi-Kozhikode,7.9,7
10.6672,75.9675,Kochi-Kozhikode,9.9,8
12.6746,75.303,Bengaluru-Mangaluru,8.7,7
10.8501,76.1445,Kochi-Kozhikode,4.8,12
12.7024,75.7678,Bengaluru-Mangaluru,9.5,6
19.5517,73.8628,Pune-Nashik,5.4,5
17.424,73.6121,Mumbai-Goa,8.1,9
18.9341,73.5906,Mumbai-Pune,3.9,2
12.8664,75.4329,Bengaluru-Mangaluru,7.9,6
18.5617,73.3191,Mumbai-Pune,8.6,6
16.8314,73.3766,Mumbai-Goa,2.7,12
10.7754,76.1067,Kochi-Kozhikode,8.1,6
11.4592,76.1502,Kochi-Kozhikode,9.0,8
18.7303,73.3269,Mumbai-Pune,3.9,12
17.3781,73.9892,Mumbai-Goa,1.4,12
12.9211,75.6829,Bengaluru-Mangaluru,6.9,9
17.6772,73.3665,Mumbai-Goa,2.5,3
12.7637,75.8645,Bengaluru-Mangaluru,5.8,4
12.8877,75.6035,Bengaluru-Mangaluru,6.6,7
19.6708,73.8704,Pune-Nashik,4.3,3
18.49,73.5467,Mumbai-Pune,7.0,5
17.2098,73.5359,Mumbai-Goa,2.2,11
16.701,73.5452,Mumbai-Goa,9.5,9
10.5856,76.1095,Kochi-Kozhikode,2.6,10
12.8958,75.561,Bengaluru-Mangaluru,8.7,9
13.0241,75.3426,Bengaluru-Mangaluru,9.8,6
16.8582,73.2648,Mumbai-Goa,4.7,2
12.8314,75.6174,Bengaluru-Mangaluru,4.2,4
18.764,73.2844,Mumbai-Pune,1.4,2
13.0582,75.4376,Bengaluru-Mangaluru,6.8,6
18.8348,73.4481,Mumbai-Pune,8.5,7
10.664,76.2498,Kochi-Kozhikode,7.9,9
18.6935,73.5997,Mumbai-Pune,7.4,8
16.5121,73.6149,Mumbai-Goa,9.6,7
18.8376,73.3246,Mumbai-Pune,8.1,8
13.0741,75.5531,Bengaluru-Mangaluru,7.6,7
12.7103,76.0078,Bengaluru-Mangaluru,9.5,7
16.9938,73.5325,Mumbai-Goa,9.8,9
12.8832,75.752,Bengaluru-Mangaluru,7.6,8
16.8506,73.9687,Mumbai-Goa,6.6,7
12.9992,75.2722,Bengaluru-Mangaluru,7.6,8
13.063,75.2883,Bengaluru-Mangaluru,7.1,8
18.2614,73.7812,Mumbai-Goa,8.6,9
18.8403,73.5268,Mumbai-Pune,7.0,9
12.7636,75.523,Bengaluru-Mangaluru,7.2,7
19.4894,73.8312,Pune-Nashik,6.4,5
13.4572,75.5418,Bengaluru-Mangaluru,2.6,4
12.7554,76.1215,Bengaluru-Mangaluru,7.9,6
12.8615,75.7462,Bengaluru-Mangaluru,8.0,10
19.731,73.9721,Pune-Nashik,6.8,8
12.8297,75.5608,Bengaluru-Mangaluru,5.3,2
12.6896,75.4489,Bengaluru-Mangaluru,7.7,9
19.6965,73.9914,Pune-Nashik,3.1,11
18.642,73.3333,Mumbai-Pune,9.2,8
13.0744,75.532,Bengaluru-Mangaluru,2.4,3
15.9026,73.1273,Mumbai-Goa,9.7,6
19.5974,73.8745,Pune-Nashik,9.6,7
10.6482,76.1371,Kochi-Kozhikode,4.1,4
19.2743,73.6226,Pune-Nashik,1.8,2
19.5321,73.6472,Pune-Nashik,6.9,8
19.5526,73.8487,Pune-Nashik,3.2,2
12.9683,75.6012,Bengaluru-Mangaluru,3.7,2
11.346,75.8318,Kochi-Kozhikode,4.6,3
12.8455,75.5794,Bengaluru-Mangaluru,6.8,5
11.113,76.3672,Kochi-Kozhikode,7.2,6
10.7834,76.0676,Kochi-Kozhikode,8.1,6
18.7274,73.5798,Mumbai-Pune,7.7,7
10.9052,76.0741,Kochi-Kozhikode,9.5,9
19.6697,73.8208,Pune-Nashik,3.6,3
12.6963,75.329,Bengaluru-Mangaluru,9.1,7
13.0466,75.6693,Bengaluru-Mangaluru,8.1,8
10.7799,76.1392,Kochi-Kozhikode,2.0,10
18.6695,73.0432,Mumbai-Pune,6.6,7
19.4429,73.7514,Pune-Nashik,9.4,8
18.6455,73.4161,Mumbai-Pune,9.2,6
11.1248,76.2952,Kochi-Kozhikode,1.7,12
17.1074,73.5626,Mumbai-Goa,7.3,6
18.4884,73.3129,Mumbai-Pune,9.4,6
12.6749,75.4982,Bengaluru-Mangaluru,7.0,8
12.8015,75.4836,Bengaluru-Mangaluru,8.9,7
13.2511,75.2281,Bengaluru-Mangaluru,7.7,11
11.3406,76.1276,Kochi-Kozhikode,9.0,8
10.7685,76.0587,Kochi-Kozhikode,4.4,1
12.7425,76.1795,Bengaluru-Mangaluru,9.4,9
10.4289,76.1654,Kochi-Kozhikode,8.9,7
12.7659,75.6449,Bengaluru-Mangaluru,7.5,9
13.1593,75.4276,Bengaluru-Mangaluru,1.3,10
18.5286,73.3678,Mumbai-Pune,6.9,9
11.0064,76.2714,Kochi-Kozhikode,4.0,12
13.2324,76.3571,Bengaluru-Mangaluru,7.4,8
18.5699,73.4455,Mumbai-Pune,9.4,8
12.7463,75.6931,Bengaluru-Mangaluru,8.6,9
18.6525,73.6053,Mumbai-Pune,1.3,11
16.7488,73.4868,Mumbai-Goa,2.5,11
11.2958,75.9685,Kochi-Kozhikode,7.2,1
19.399,73.8122,Pune-Nashik,7.4,9
17.4855,73.7407,Mumbai-Goa,3.3,3
12.8165,75.4588,Bengaluru-Mangaluru,5.4,2
19.6254,73.8909,Pune-Nashik,7.3,10
19.7086,73.8586,Pune-Nashik,7.9,8
19.0403,73.5969,Mumbai-Pune,3.5,3
18.9702,73.7987,Mumbai-Pune,8.0,6
18.4185,73.202,Mumbai-Pune,4.1,4
19.0003,73.4349,Mumbai-Pune,8.3,7
11.1202,76.2947,Kochi-Kozhikode,7.3,5
17.0001,73.451,Mumbai-Goa,4.8,10
11.0625,76.1748,Kochi-Kozhikode,9.0,7
18.7735,73.3614,Mumbai-Pune,5.1,12
18.8044,73.3584,Mumbai-Pune,9.0,6
18.7988,73.8526,Mumbai-Pune,7.6,12
17.0226,73.4963,Mumbai-Goa,7.1,10
13.0869,76.2941,Bengaluru-Mangaluru,5.1,1
17.7046,73.2488,Mumbai-Goa,9.8,7
18.8485,73.3942,Mumbai-Pune,4.3,11
18.5949,73.542,Mumbai-Pune,2.8,5
10.6302,76.0428,Kochi-Kozhikode,9.6,6
18.6979,73.5546,Mumbai-Pune,7.6,6
10.2827,76.2346,Kochi-Kozhikode,8.9,7
17.6366,73.8797,Mumbai-Goa,6.6,7
12.633,76.1883,Bengaluru-Mangaluru,2.3,5
18.8424,73.4251,Mumbai-Pune,8.4,8
10.7897,76.125,Kochi-Kozhikode,9.9,7
17.0694,73.5807,Mumbai-Goa,6.9,12
18.7986,73.4101,Mumbai-Pune,3.0,11
18.6984,73.3916,Mumbai-Pune,8.5,6
16.5467,73.6841,Mumbai-Goa,7.6,6
16.8359,73.4811,Mumbai-Goa,9.9,6
10.7635,76.1992,Kochi-Kozhikode,6.9,11
12.5987,76.4249,Bengaluru-Mangaluru,4.5,10
19.2931,73.7033,Pune-Nashik,6.8,10
17.0929,73.1325,Mumbai-Goa,9.0,8
10.4089,76.2832,Kochi-Kozhikode,9.7,9
18.8074,73.4219,Mumbai-Pune,7.3,9
10.7965,76.066,Kochi-Kozhikode,7.4,8
13.0405,75.7777,Bengaluru-Mangaluru,7.9,8
16.6488,73.5509,Mumbai-Goa,6.9,6
18.9645,73.2176,Mumbai-Pune,8.6,9
17.7982,73.7249,Mumbai-Goa,9.8,6
18.665,73.2448,Mumbai-Pune,7.3,7
12.8217,75.7617,Bengaluru-Mangaluru,3.0,2
10.9787,76.1449,Kochi-Kozhikode,5.3,11
19.6725,73.8952,Pune-Nashik,4.9,4
17.7817,73.0352,Mumbai-Goa,8.2,6
18.6939,73.4486,Mumbai-Pune,7.4,7
10.9501,76.166,Kochi-Kozhikode,8.7,8
19.7189,73.912,Pune-Nashik,7.0,6
11.4812,75.8875,Kochi-Kozhikode,8.0,7
10.8659,76.1936,Kochi-Kozhikode,7.2,9
17.6962,73.7841,Mumbai-Goa,9.3,9
18.7477,73.3008,Mumbai-Pune,9.8,9
18.7357,73.3162,Mumbai-Pune,7.6,11
19.5325,73.8374,Pune-Nashik,9.2,7
19.5208,73.8231,Pune-Nashik,6.3,12
10.4449,76.1187,Kochi-Kozhikode,7.0,2
18.6497,73.6692,Mumbai-Pune,7.4,5
16.9004,73.3979,Mumbai-Goa,7.1,8
18.6868,73.5055,Mumbai-Pune,7.4,8
18.8077,73.5055,Mumbai-Pune,4.3,3
13.4309,75.8773,Bengaluru-Mangaluru,8.5,6
18.6093,73.3142,Mumbai-Pune,7.0,8
12.8207,76.0671,Bengaluru-Mangaluru,6.6,2
16.7496,73.2527,Mumbai-Goa,7.1,6
19.5231,73.7678,Pune-Nashik,9.2,6
19.6829,73.833,Pune-Nashik,3.1,1
19.5735,73.6747,Pune-Nashik,4.6,11
12.9794,75.3676,Bengaluru-Mangaluru,7.5,8
10.8112,76.1243,Kochi-Kozhikode,1.2,10
18.8691,73.2528,Mumbai-Pune,9.2,7
19.0091,73.5557,Mumbai-Pune,9.3,9
18.4858,73.4207,Mumbai-Pune,7.7,2
13.1251,75.8323,Bengaluru-Mangaluru,2.3,11
17.0199,73.7316,Mumbai-Goa,6.5,6
18.8028,73.1704,Mumbai-Pune,7.6,6
12.9262,75.5078,Bengaluru-Mangaluru,9.4,8
18.8785,73.2533,Mumbai-Pune,9.7,6
13.0009,75.4175,Bengaluru-Mangaluru,5.7,12
10.8893,76.1442,Kochi-Kozhikode,6.9,2
13.0325,76.1174,Bengaluru-Mangaluru,9.1,9
18.7843,73.3427,Mumbai-Pune,9.5,9
10.7952,75.9452,Kochi-Kozhikode,9.6,9
10.6697,76.0642,Kochi-Kozhikode,8.8,6
10.7017,76.1133,Kochi-Kozhikode,7.2,9
19.6395,73.6594,Pune-Nashik,9.5,9
18.4468,73.291,Mumbai-Pune,9.8,8
18.678,73.5261,Mumbai-Pune,8.6,8
19.6,73.8492,Pune-Nashik,4.3,3
16.7934,73.5194,Mumbai-Goa,9.7,7
17.1682,73.3916,Mumbai-Goa,9.2,7
18.6924,73.3658,Mumbai-Pune,9.6,7
18.8365,73.0732,Mumbai-Pune,9.2,8
12.7318,75.4464,Bengaluru-Mangaluru,1.0,12
16.7452,73.6093,Mumbai-Goa,8.6,8
12.9328,75.6363,Bengaluru-Mangaluru,6.1,2
17.1765,73.4828,Mumbai-Goa,7.0,6
12.9488,75.5806,Bengaluru-Mangaluru,8.4,7
18.7732,73.3344,Mumbai-Pune,6.9,9
10.3427,76.0883,Kochi-Kozhikode,6.6,8
19.7423,73.931,Pune-Nashik,5.0,1
17.6555,73.4967,Mumbai-Goa,2.1,3
19.6965,73.9582,Pune-Nashik,8.4,8
12.9111,75.637,Bengaluru-Mangaluru,6.9,6
18.696,73.3644,Mumbai-Pune,5.9,1
18.8039,73.5354,Mumbai-Pune,7.9,7
18.7446,73.6027,Mumbai-Pune,1.3,2
18.8071,73.3313,Mumbai-Pune,4.8,3
18.7378,73.3494,Mumbai-Pune,7.4,7
18.75,73.4676,Mumbai-Pune,8.8,6
18.6237,73.1417,Mumbai-Pune,7.2,6
13.1742,76.33,Bengaluru-Mangaluru,5.4,10
12.8312,75.3711,Bengaluru-Mangaluru,9.5,6
12.9579,75.5861,Bengaluru-Mangaluru,3.0,12
18.7055,73.3834,Mumbai-Pune,1.1,1
19.5547,73.9771,Pune-Nashik,7.3,7
12.9408,75.6563,Bengaluru-Mangaluru,9.6,6
18.3565,73.9146,Mumbai-Goa,6.9,6
10.9167,76.0004,Kochi-Kozhikode,6.7,6
18.8409,73.3915,Mumbai-Pune,7.9,9
18.8087,73.2794,Mumbai-Pune,4.4,5
18.5644,73.4032,Mumbai-Pune,8.0,6
18.4331,73.3276,Mumbai-Pune,7.8,9
16.395,73.6022,Mumbai-Goa,3.8,10
12.9471,75.4309,Bengaluru-Mangaluru,3.5,12
18.6739,73.5266,Mumbai-Pune,7.0,12
19.9862,73.6015,Pune-Nashik,9.4,7
19.9046,74.1934,Pune-Nashik,9.8,6
12.7513,75.908,Bengaluru-Mangaluru,6.9,12
19.5099,73.9059,Pune-Nashik,9.1,8
12.8589,75.7131,Bengaluru-Mangaluru,6.6,4
17.6068,73.3066,Mumbai-Goa,1.7,5
18.7024,73.3817,Mumbai-Pune,9.8,6
12.9051,75.4121,Bengaluru-Mangaluru,7.6,8
17.1408,73.4358,Mumbai-Goa,7.7,9
10.7571,76.013,Kochi-Kozhikode,8.7,6
12.88,76.4442,Bengaluru-Mangaluru,1.6,2
12.9547,76.1236,Bengaluru-Mangaluru,8.4,9
16.0672,73.4761,Mumbai-Goa,8.3,6
17.1927,73.7243,Mumbai-Goa,7.1,6
18.9611,73.4883,Mumbai-Pune,9.4,6
18.7483,73.3704,Mumbai-Pune,2.3,3
16.9073,73.5684,Mumbai-Goa,1.9,2
16.5162,73.6393,Mumbai-Goa,5.9,1
17.1325,73.5898,Mumbai-Goa,7.4,9
18.1572,73.8755,Mumbai-Goa,8.8,7
17.0425,73.5025,Mumbai-Goa,8.5,7
19.5126,73.7603,Pune-Nashik,7.4,6
10.9262,76.1518,Kochi-Kozhikode,4.3,12
18.719,73.3355,Mumbai-Pune,9.5,6
18.7589,73.5743,Mumbai-Pune,3.9,3
12.7451,75.3248,Bengaluru-Mangaluru,1.2,1
13.2486,75.191,Bengaluru-Mangaluru,8.7,9
18.7029,73.0278,Mumbai-Pune,7.0,6
18.7644,73.4057,Mumbai-Pune,5.2,10
16.9563,73.5305,Mumbai-Goa,5.8,3
12.8721,75.8793,Bengaluru-Mangaluru,7.3,8
10.4998,76.0275,Kochi-Kozhikode,8.3,8
16.8664,73.2946,Mumbai-Goa,8.9,7
16.8428,73.7077,Mumbai-Goa,9.6,7
12.6831,75.9712,Bengaluru-Mangaluru,7.4,7
19.6021,73.8702,Pune-Nashik,9.9,6
12.7425,75.4844,Bengaluru-Mangaluru,7.2,8
12.8531,75.5404,Bengaluru-Mangaluru,7.0,9
13.0602,75.7046,Bengaluru-Mangaluru,2.9,5
12.7611,75.6462,Bengaluru-Mangaluru,9.9,6
18.7936,73.5283,Mumbai-Pune,7.3,8
19.7581,73.7612,Pune-Nashik,1.1,11
12.7697,75.7294,Bengaluru-Mangaluru,8.6,9
18.679,73.2585,Mumbai-Pune,6.9,11
18.7295,73.4525,Mumbai-Pune,3.7,12
13.0234,75.5858,Bengaluru-Mangaluru,1.1,11
12.86,75.6285,Bengaluru-Mangaluru,8.9,6
18.6769,73.6351,Mumbai-Pune,7.3,7
10.4986,76.1162,Kochi-Kozhikode,6.6,6
18.9271,73.4008,Mumbai-Pune,7.7,9
10.7644,76.0687,Kochi-Kozhikode,7.8,7
12.8775,75.8574,Bengaluru-Mangaluru,9.8,6
18.5565,73.5725,Mumbai-Pune,2.2,3
18.6254,73.37,Mumbai-Pune,7.6,3
18.8218,73.0693,Mumbai-Pune,6.5,5
12.8463,75.7104,Bengaluru-Mangaluru,2.2,4
18.6102,73.452,Mumbai-Pune,7.0,7
13.153,75.3444,Bengaluru-Mangaluru,6.0,12
12.5671,75.5661,Bengaluru-Mangaluru,8.9,9
12.9666,75.971,Bengaluru-Mangaluru,7.9,9
18.7666,73.3255,Mumbai-Pune,9.7,8
19.6426,73.8517,Pune-Nashik,8.7,6
16.1636,73.7938,Mumbai-Goa,9.7,7
16.6915,73.561,Mumbai-Goa,1.4,12
13.1255,75.5642,Bengaluru-Mangaluru,9.6,8
18.7861,73.0365,Mumbai-Pune,2.4,12
18.813,73.2545,Mumbai-Pune,2.5,5
16.5892,73.5591,Mumbai-Goa,7.8,8
10.6501,76.1598,Kochi-Kozhikode,3.6,2
13.0855,75.6667,Bengaluru-Mangaluru,7.5,7
19.3556,73.8985,Pune-Nashik,7.4,7
10.7413,76.0999,Kochi-Kozhikode,9.7,9
16.4936,73.5756,Mumbai-Goa,7.8,8
18.8272,73.3491,Mumbai-Pune,4.7,10
12.7453,76.2224,Bengaluru-Mangaluru,7.6,8
18.7089,73.4299,Mumbai-Pune,4.9,5
19.0482,73.6276,Mumbai-Pune,8.5,9
18.7118,73.3926,Mumbai-Pune,1.4,2
18.9337,73.3722,Mumbai-Pune,8.2,8
19.5642,73.7933,Pune-Nashik,9.3,7
19.6744,73.8341,Pune-Nashik,6.5,6
11.1904,76.2882,Kochi-Kozhikode,6.6,6
19.5351,73.9656,Pune-Nashik,1.3,10
18.4576,73.0356,Mumbai-Pune,9.4,7
17.3614,73.4249,Mumbai-Goa,8.6,8
12.6667,75.7889,Bengaluru-Mangaluru,7.9,7
12.8588,75.7633,Bengaluru-Mangaluru,7.3,9
18.6901,73.4889,Mumbai-Pune,7.1,1
16.2597,73.6116,Mumbai-Goa,7.3,8
18.644,73.4822,Mumbai-Pune,4.3,5
19.6014,73.7665,Pune-Nashik,8.2,8
12.9496,76.2237,Bengaluru-Mangaluru,7.4,11
18.5149,73.2255,Mumbai-Pune,7.0,8
11.0812,76.0925,Kochi-Kozhikode,5.3,10
17.1028,73.2111,Mumbai-Goa,8.4,8
12.8491,75.7287,Bengaluru-Mangaluru,5.1,1
12.9132,75.7096,Bengaluru-Mangaluru,9.3,9
17.5423,73.3045,Mumbai-Goa,2.6,4
13.1022,75.6196,Bengaluru-Mangaluru,8.4,8
12.7877,75.3506,Bengaluru-Mangaluru,7.5,6
18.9129,73.6901,Mumbai-Pune,2.5,1
13.4256,75.5835,Bengaluru-Mangaluru,1.1,3
12.5207,75.1948,Bengaluru-Mangaluru,5.7,5
16.7397,73.7651,Mumbai-Goa,9.6,6
10.7645,76.1806,Kochi-Kozhikode,4.2,5
12.8841,75.8833,Bengaluru-Mangaluru,9.2,9
19.4549,73.8489,Pune-Nashik,9.7,8
18.6404,73.4409,Mumbai-Pune,9.2,7
10.6486,76.3651,Kochi-Kozhikode,5.3,11
13.0109,75.5211,Bengaluru-Mangaluru,6.5,4
19.3396,73.8674,Pune-Nashik,6.5,6
12.9546,75.6758,Bengaluru-Mangaluru,6.8,6
17.3016,73.3661,Mumbai-Goa,9.0,9
13.1381,75.3691,Bengaluru-Mangaluru,6.9,9
10.9275,76.2043,Kochi-Kozhikode,3.9,3
19.4221,73.878,Pune-Nashik,3.0,11
10.9044,76.3961,Kochi-Kozhikode,7.6,6
18.5621,73.2489,Mumbai-Pune,5.0,2
10.7055,76.0929,Kochi-Kozhikode,9.6,9
18.7804,73.3452,Mumbai-Pune,6.6,6
18.6909,73.4038,Mumbai-Pune,2.3,4
18.7292,73.6559,Mumbai-Pune,8.3,7
12.9927,75.3569,Bengaluru-Mangaluru,7.5,9
16.5479,73.249,Mumbai-Goa,5.5,2
18.6549,73.2778,Mumbai-Pune,5.5,3
18.5616,73.225,Mumbai-Pune,9.9,6
17.1208,73.3564,Mumbai-Goa,2.4,1
12.9833,75.6867,Bengaluru-Mangaluru,8.9,9
10.4764,76.0407,Kochi-Kozhikode,8.8,7
18.8545,73.2896,Mumbai-Pune,9.6,9
16.7491,73.5578,Mumbai-Goa,7.1,8
12.9979,75.5528,Bengaluru-Mangaluru,7.2,8
10.688,76.2245,Kochi-Kozhikode,7.3,9
11.126,76.1857,Kochi-Kozhikode,7.8,7
18.7575,73.3091,Mumbai-Pune,7.7,11
18.9304,73.6016,Mumbai-Pune,8.3,7
19.517,73.8957,Pune-Nashik,7.2,8
12.9523,75.8628,Bengaluru-Mangaluru,6.9,4
19.665,73.7185,Pune-Nashik,7.7,7
17.2419,73.3752,Mumbai-Goa,8.5,6
10.728,76.1219,Kochi-Kozhikode,9.9,6
18.9246,73.7499,Mumbai-Pune,8.6,6
13.3931,75.1402,Bengaluru-Mangaluru,6.5,2
10.9138,76.084,Kochi-Kozhikode,9.2,8
17.8689,73.8875,Mumbai-Goa,8.0,7
12.9668,75.7664,Bengaluru-Mangaluru,8.8,6
18.9127,73.1763,Mumbai-Pune,8.8,7
18.9068,73.33,Mumbai-Pune,5.8,5
16.7958,73.7244,Mumbai-Goa,8.0,7
18.7701,73.456,Mumbai-Pune,7.4,7
10.9249,76.1369,Kochi-Kozhikode,8.0,10
18.8234,73.3306,Mumbai-Pune,8.6,9
18.7254,73.0819,Mumbai-Pune,9.0,7
19.5442,73.7537,Pune-Nashik,4.8,3
18.7885,73.4876,Mumbai-Pune,1.6,2
18.7901,73.5884,Mumbai-Pune,9.5,7
12.8993,75.7254,Bengaluru-Mangaluru,8.0,7
12.7635,75.5274,Bengaluru-Mangaluru,9.2,8
13.2231,75.1255,Bengaluru-Mangaluru,8.2,6
10.9304,76.1743,Kochi-Kozhikode,7.7,6
12.8633,75.5866,Bengaluru-Mangaluru,8.4,8
16.4067,73.4554,Mumbai-Goa,9.2,6
18.8279,73.4647,Mumbai-Pune,8.6,9
10.8939,76.1044,Kochi-Kozhikode,7.5,6
16.9023,73.4175,Mumbai-Goa,7.6,8
19.6699,73.8868,Pune-Nashik,8.7,6
18.7931,73.3408,Mumbai-Pune,10.0,9
13.4246,75.2771,Bengaluru-Mangaluru,9.5,8
18.5616,73.5234,Mumbai-Pune,7.4,6
16.4474,73.1939,Mumbai-Goa,3.8,4
18.7081,73.3029,Mumbai-Pune,8.5,8
19.6693,73.8157,Pune-Nashik,9.0,9
18.5763,73.4158,Mumbai-Pune,8.7,9
13.3663,75.0635,Bengaluru-Mangaluru,7.7,7
10.0349,75.8592,Kochi-Kozhikode,8.3,9
11.0962,76.0579,Kochi-Kozhikode,9.9,7
13.0325,75.7157,Bengaluru-Mangaluru,10.0,8
10.9282,75.9805,Kochi-Kozhikode,2.8,10
18.9647,73.7254,Mumbai-Pune,9.6,9
13.0515,75.649,Bengaluru-Mangaluru,7.9,7
18.7177,73.4161,Mumbai-Pune,8.6,6
10.143,76.4725,Kochi-Kozhikode,2.5,1
18.5946,73.446,Mumbai-Pune,5.2,2
19.4971,73.7316,Pune-Nashik,7.9,5
11.3234,76.2761,Kochi-Kozhikode,6.8,8
18.6168,73.5252,Mumbai-Pune,2.6,5
19.5371,73.9842,Pune-Nashik,9.0,9
16.7259,73.2866,Mumbai-Goa,6.8,8
12.6301,75.8042,Bengaluru-Mangaluru,6.4,1
10.5907,76.2081,Kochi-Kozhikode,1.8,1
13.4438,76.3122,Bengaluru-Mangaluru,9.6,7
12.8805,75.4972,Bengaluru-Mangaluru,2.5,2
18.6491,73.7357,Mumbai-Pune,8.2,7
12.92,75.6941,Bengaluru-Mangaluru,7.5,7
19.7117,73.9767,Pune-Nashik,2.7,12
12.855,75.3514,Bengaluru-Mangaluru,8.7,7
12.8483,75.6488,Bengaluru-Mangaluru,5.0,1
18.6657,73.2923,Mumbai-Pune,2.2,12
16.8939,73.6245,Mumbai-Goa,6.3,5
17.0117,73.4939,Mumbai-Goa,2.7,11
19.0211,73.5125,Mumbai-Pune,1.8,4
18.6829,73.5039,Mumbai-Pune,7.9,11
12.9041,75.4578,Bengaluru-Mangaluru,9.1,6
10.7568,76.0191,Kochi-Kozhikode,9.7,8
17.1893,73.6294,Mumbai-Goa,9.6,6
18.5885,73.2954,Mumbai-Pune,6.6,11
12.7129,75.4781,Bengaluru-Mangaluru,7.8,8
12.7166,75.8427,Bengaluru-Mangaluru,7.2,2
19.5917,73.7232,Pune-Nashik,6.4,2
18.6175,73.4581,Mumbai-Pune,7.1,6
12.7848,75.4118,Bengaluru-Mangaluru,6.9,9
18.7681,73.4078,Mumbai-Pune,6.7,8
12.8098,75.6332,Bengaluru-Mangaluru,8.1,6
18.2685,73.6421,Mumbai-Goa,8.7,6
16.7223,73.466,Mumbai-Goa,8.1,7
13.1092,75.8513,Bengaluru-Mangaluru,9.3,7
13.4231,76.473,Bengaluru-Mangaluru,9.8,6
18.6363,73.4933,Mumbai-Pune,9.8,7
10.9521,75.9995,Kochi-Kozhikode,7.5,11
12.6643,75.1525,Bengaluru-Mangaluru,9.1,6
10.9535,76.2346,Kochi-Kozhikode,7.3,8
16.5352,73.3853,Mumbai-Goa,7.0,7
18.7018,73.2563,Mumbai-Pune,9.4,9
18.839,73.4305,Mumbai-Pune,9.7,9
18.7983,73.4383,Mumbai-Pune,7.4,7
17.0774,73.7312,Mumbai-Goa,7.3,7
18.7842,73.2508,Mumbai-Pune,7.3,8
18.812,73.6473,Mumbai-Pune,6.7,6
18.8416,73.5316,Mumbai-Pune,1.0,3
12.8713,75.5918,Bengaluru-Mangaluru,6.8,8
12.7086,75.6964,Bengaluru-Mangaluru,7.9,9
16.253,73.9817,Mumbai-Goa,9.8,9
12.9715,75.5883,Bengaluru-Mangaluru,9.8,8
18.8484,73.3624,Mumbai-Pune,8.0,7
18.8539,73.2683,Mumbai-Pune,7.7,6
18.1736,73.6953,Mumbai-Goa,8.4,8
18.8597,73.0236,Mumbai-Pune,9.9,8
12.9706,75.4088,Bengaluru-Mangaluru,9.5,9
16.2002,73.8341,Mumbai-Goa,6.6,7
12.8971,75.5673,Bengaluru-Mangaluru,7.4,7
10.5852,76.3094,Kochi-Kozhikode,8.9,9
16.6908,73.3745,Mumbai-Goa,7.2,9
12.9282,75.5307,Bengaluru-Mangaluru,8.5,7
12.8836,75.7549,Bengaluru-Mangaluru,2.8,2
19.5563,73.7094,Pune-Nashik,7.7,9
18.5552,73.6251,Mumbai-Pune,10.0,8
13.1187,75.859,Bengaluru-Mangaluru,7.9,9
13.273,75.431,Bengaluru-Mangaluru,8.7,6
12.7385,75.7293,Bengaluru-Mangaluru,1.3,12
19.5497,73.8731,Pune-Nashik,3.2,2
18.5416,73.1949,Mumbai-Pune,9.5,7
12.9368,75.556,Bengaluru-Mangaluru,9.5,6
12.802,75.4705,Bengaluru-Mangaluru,2.2,2
10.6282,76.0272,Kochi-Kozhikode,9.1,9
18.7441,73.3195,Mumbai-Pune,7.0,8
10.6241,76.4689,Kochi-Kozhikode,3.0,11
17.1217,73.6859,Mumbai-Goa,9.1,8
12.8275,75.6449,Bengaluru-Mangaluru,3.1,5
10.6422,76.0326,Kochi-Kozhikode,9.3,6
15.9891,73.2364,Mumbai-Goa,6.7,6
17.0624,73.559,Mumbai-Goa,8.9,9
10.8142,76.165,Kochi-Kozhikode,9.5,9
17.0567,73.3453,Mumbai-Goa,9.1,8
16.236,73.3688,Mumbai-Goa,9.3,6
18.8261,73.4998,Mumbai-Pune,7.2,3
12.8046,75.6071,Bengaluru-Mangaluru,2.8,2
17.1221,73.4738,Mumbai-Goa,6.8,9
18.8439,73.6659,Mumbai-Pune,8.5,8
19.9537,73.7278,Pune-Nashik,8.4,9
16.6446,73.3274,Mumbai-Goa,6.7,6
16.3649,73.5645,Mumbai-Goa,7.1,7
10.857,76.1631,Kochi-Kozhikode,9.3,7
18.7298,73.5635,Mumbai-Pune,9.0,7
10.549,76.1606,Kochi-Kozhikode,8.2,8
12.8243,75.9224,Bengaluru-Mangaluru,6.6,9
18.9425,73.5501,Mumbai-Pune,6.9,3
17.5476,73.4042,Mumbai-Goa,8.6,8
12.8313,75.7612,Bengaluru-Mangaluru,4.9,10
18.7161,73.3949,Mumbai-Pune,3.8,2
18.5857,73.4988,Mumbai-Pune,9.5,9
18.8935,73.335,Mumbai-Pune,7.9,7
11.2204,75.8283,Kochi-Kozhikode,8.8,8
12.9032,75.2401,Bengaluru-Mangaluru,9.6,8
10.7974,76.0396,Kochi-Kozhikode,9.1,7
19.5507,73.9763,Pune-Nashik,2.4,4
10.5644,76.1712,Kochi-Kozhikode,1.8,12
18.7256,73.3685,Mumbai-Pune,9.9,6
12.9988,75.6638,Bengaluru-Mangaluru,7.9,6
18.7999,73.5089,Mumbai-Pune,9.1,7
10.7379,76.0464,Kochi-Kozhikode,7.2,7
16.5473,73.3968,Mumbai-Goa,9.2,8
19.008,73.54,Mumbai-Pune,9.7,9
12.6501,75.4301,Bengaluru-Mangaluru,10.0,7
12.7311,75.352,Bengaluru-Mangaluru,5.0,1
12.9602,75.7026,Bengaluru-Mangaluru,6.9,6
10.9029,76.0777,Kochi-Kozhikode,7.0,9
18.5093,73.1268,Mumbai-Pune,8.6,6
16.8592,73.541,Mumbai-Goa,9.9,6
16.9279,73.2226,Mumbai-Goa,9.7,8
10.7569,76.0255,Kochi-Kozhikode,7.1,1
18.7653,73.7358,Mumbai-Pune,6.4,11
10.8689,76.0726,Kochi-Kozhikode,10.0,9
12.7513,76.2624,Bengaluru-Mangaluru,6.9,8
18.4858,73.1865,Mumbai-Pune,4.1,11
18.8307,73.4543,Mumbai-Pune,9.0,6
18.7868,73.4683,Mumbai-Pune,1.6,10
17.5684,73.3586,Mumbai-Goa,6.7,7
17.0539,73.3842,Mumbai-Goa,7.2,9
18.7986,73.2966,Mumbai-Pune,8.0,8
18.7135,73.3668,Mumbai-Pune,9.4,7
11.3345,76.1058,Kochi-Kozhikode,7.3,8
17.2171,73.6148,Mumbai-Goa,3.2,11
18.641,73.4062,Mumbai-Pune,8.1,9
18.6879,73.2584,Mumbai-Pune,8.9,6
18.731,73.3653,Mumbai-Pune,6.6,6
17.6887,73.5541,Mumbai-Goa,8.4,9
12.7278,75.4941,Bengaluru-Mangaluru,8.4,6
10.2227,76.1395,Kochi-Kozhikode,2.7,12
19.7021,74.0327,Pune-Nashik,1.8,5
19.0377,73.1486,Mumbai-Pune,6.7,7
16.3846,73.265,Mumbai-Goa,8.8,6
11.4156,76.3594,Kochi-Kozhikode,6.8,9
13.1339,75.6731,Bengaluru-Mangaluru,9.4,8
16.6178,73.5668,Mumbai-Goa,8.1,7
12.5705,75.6006,Bengaluru-Mangaluru,4.8,10
18.7787,73.504,Mumbai-Pune,9.4,9
18.6613,73.4096,Mumbai-Pune,8.2,6
12.7843,75.6479,Bengaluru-Mangaluru,7.9,7
18.6717,73.3541,Mumbai-Pune,6.8,6
19.5004,73.907,Pune-Nashik,5.7,4
17.179,73.4707,Mumbai-Goa,9.5,6
19.6038,73.7232,Pune-Nashik,9.4,9
18.7238,73.3944,Mumbai-Pune,7.6,6
18.9793,73.2749,Mumbai-Pune,7.4,7
17.3759,73.6246,Mumbai-Goa,8.4,7
18.7746,73.5978,Mumbai-Pune,7.9,11
17.0209,73.5486,Mumbai-Goa,7.3,6
12.8577,76.1332,Bengaluru-Mangaluru,6.9,7
16.8827,73.6529,Mumbai-Goa,7.6,7
19.2175,73.6159,Pune-Nashik,2.8,5
19.7096,73.7953,Pune-Nashik,8.5,8
18.1311,73.9314,Mumbai-Goa,8.4,7
17.6967,73.8663,Mumbai-Goa,8.0,7
11.2596,76.2358,Kochi-Kozhikode,5.3,11
10.5526,76.0822,Kochi-Kozhikode,7.8,9
10.65,76.0944,Kochi-Kozhikode,6.9,8
13.0547,75.5143,Bengaluru-Mangaluru,7.5,12
18.7463,73.4065,Mumbai-Pune,8.4,6
18.8242,73.1472,Mumbai-Pune,7.4,7
19.5393,73.8685,Pune-Nashik,9.9,8
18.855,73.3447,Mumbai-Pune,8.6,8
18.5835,73.0129,Mumbai-Pune,3.5,5
16.2901,73.5775,Mumbai-Goa,7.2,8
18.6944,73.2662,Mumbai-Pune,7.1,10
18.6954,73.3792,Mumbai-Pune,3.3,1
10.6866,75.907,Kochi-Kozhikode,1.8,11
10.6423,76.4169,Kochi-Kozhikode,6.3,12
18.8285,73.5434,Mumbai-Pune,9.9,6
18.8476,73.894,Mumbai-Pune,8.3,6
17.1117,73.3578,Mumbai-Goa,9.6,6
12.8748,75.5988,Bengaluru-Mangaluru,3.9,12
12.9748,75.7253,Bengaluru-Mangaluru,8.4,6
10.6623,76.1072,Kochi-Kozhikode,8.4,9
10.2622,75.8895,Kochi-Kozhikode,2.8,4
12.9572,75.873,Bengaluru-Mangaluru,7.7,8
12.9881,75.7479,Bengaluru-Mangaluru,9.9,7
13.4772,76.0233,Bengaluru-Mangaluru,9.2,6
12.9105,75.8645,Bengaluru-Mangaluru,2.3,3
13.3977,75.5304,Bengaluru-Mangaluru,7.9,6
18.5361,73.348,Mumbai-Pune,4.5,4
10.8768,76.0247,Kochi-Kozhikode,9.7,8
13.0754,75.7309,Bengaluru-Mangaluru,3.0,11
16.525,73.2544,Mumbai-Goa,1.4,10
16.756,73.4401,Mumbai-Goa,8.4,7
13.226,75.4807,Bengaluru-Mangaluru,9.9,6
11.2059,76.1975,Kochi-Kozhikode,7.6,7
12.6047,76.2596,Bengaluru-Mangaluru,6.7,5
10.2625,75.8925,Kochi-Kozhikode,8.3,7
19.0897,73.5936,Mumbai-Pune,8.5,9
16.9964,73.5579,Mumbai-Goa,6.7,7
18.4114,73.6225,Mumbai-Pune,9.7,9
18.1908,73.6767,Mumbai-Goa,6.7,2
12.9247,75.6584,Bengaluru-Mangaluru,3.2,4
18.8987,73.5205,Mumbai-Pune,9.1,9
18.7667,73.5059,Mumbai-Pune,6.6,8
10.6064,76.1348,Kochi-Kozhikode,6.7,3
13.1262,75.5591,Bengaluru-Mangaluru,1.3,10
12.794,75.4777,Bengaluru-Mangaluru,7.8,6
19.0952,73.2023,Mumbai-Pune,7.9,9
12.7638,75.4529,Bengaluru-Mangaluru,8.0,8
16.7796,73.3243,Mumbai-Goa,4.2,11
16.9051,73.6128,Mumbai-Goa,8.9,6
12.7865,75.8849,Bengaluru-Mangaluru,9.5,9
19.6511,73.9402,Pune-Nashik,9.6,6
10.6767,76.1748,Kochi-Kozhikode,9.9,7
13.0716,76.4018,Bengaluru-Mangaluru,3.2,12
17.5445,73.138,Mumbai-Goa,8.9,7
18.6545,73.5002,Mumbai-Pune,7.1,7
19.6172,73.8984,Pune-Nashik,7.4,8
16.5179,73.3881,Mumbai-Goa,8.3,6
18.657,73.7475,Mumbai-Pune,5.4,1
10.912,76.017,Kochi-Kozhikode,2.0,12
17.3887,73.8874,Mumbai-Goa,4.4,5
12.9579,75.3437,Bengaluru-Mangaluru,8.0,12
11.1923,76.0612,Kochi-Kozhikode,8.7,6
18.8242,73.2613,Mumbai-Pune,1.8,3
18.7983,73.4704,Mumbai-Pune,7.0,10
16.6735,73.5728,Mumbai-Goa,8.9,6
19.0916,73.078,Mumbai-Pune,8.9,8
18.7728,73.3394,Mumbai-Pune,8.6,7
12.7739,75.232,Bengaluru-Mangaluru,3.2,3
10.1061,75.9805,Kochi-Kozhikode,7.9,8
10.8656,75.9631,Kochi-Kozhikode,6.3,10
10.8179,76.0769,Kochi-Kozhikode,9.1,8
18.3908,73.891,Mumbai-Goa,2.2,4
11.4536,76.0085,Kochi-Kozhikode,4.1,1
12.9849,75.5434,Bengaluru-Mangaluru,9.9,8
18.8158,73.4868,Mumbai-Pune,8.7,8
12.8588,75.7372,Bengaluru-Mangaluru,4.2,2
18.4134,73.2957,Mumbai-Pune,8.9,9
18.6597,73.2104,Mumbai-Pune,5.8,5
12.9419,75.6593,Bengaluru-Mangaluru,7.0,10
18.7911,73.2272,Mumbai-Pune,8.8,7
16.6834,73.4381,Mumbai-Goa,9.0,9
17.6416,73.5899,Mumbai-Goa,9.4,6
19.6976,74.1789,Pune-Nashik,5.1,1
18.8162,73.4689,Mumbai-Pune,9.9,6
16.5696,73.4695,Mumbai-Goa,5.3,4
19.3949,73.7617,Pune-Nashik,6.7,7
15.8339,73.0192,Mumbai-Goa,9.0,6
13.4961,75.7514,Bengaluru-Mangaluru,2.5,3
18.7466,73.3849,Mumbai-Pune,3.7,10
12.9417,75.8684,Bengaluru-Mangaluru,9.4,7
11.0028,75.9852,Kochi-Kozhikode,8.1,9
18.8044,73.5495,Mumbai-Pune,3.2,3
12.9484,75.8046,Bengaluru-Mangaluru,7.4,9
17.1271,73.243,Mumbai-Goa,8.1,6
11.1773,76.1896,Kochi-Kozhikode,8.0,12
16.981,73.6306,Mumbai-Goa,9.1,7
19.6145,73.8521,Pune-Nashik,2.3,11
18.7193,73.5759,Mumbai-Pune,8.1,6
18.4802,73.721,Mumbai-Pune,1.0,4
10.6465,76.2341,Kochi-Kozhikode,7.4,3
17.0625,73.3251,Mumbai-Goa,6.9,8
18.7822,73.1637,Mumbai-Pune,7.6,6
10.9173,76.1775,Kochi-Kozhikode,6.0,11
19.5408,73.8608,Pune-Nashik,7.8,7
11.1664,76.0557,Kochi-Kozhikode,7.6,8
10.6015,76.2296,Kochi-Kozhikode,2.2,12
17.5378,73.5005,Mumbai-Goa,2.1,4
18.8584,73.658,Mumbai-Pune,7.7,2
13.1731,76.1036,Bengaluru-Mangaluru,7.9,3
13.0264,75.8515,Bengaluru-Mangaluru,9.8,9
18.429,73.6992,Mumbai-Pune,6.7,6
18.4402,73.6437,Mumbai-Pune,7.9,9
16.6587,73.4393,Mumbai-Goa,8.6,6
12.574,75.4478,Bengaluru-Mangaluru,7.7,1
13.0539,75.9159,Bengaluru-Mangaluru,3.7,5
12.9704,75.435,Bengaluru-Mangaluru,7.8,9
11.1726,76.0535,Kochi-Kozhikode,7.1,11
12.5841,75.7682,Bengaluru-Mangaluru,7.5,8
18.6741,73.1767,Mumbai-Pune,8.0,7
12.8581,75.6642,Bengaluru-Mangaluru,9.6,7
11.0914,76.1747,Kochi-Kozhikode,5.6,3
12.9519,75.6869,Bengaluru-Mangaluru,9.8,6
10.8082,76.1488,Kochi-Kozhikode,8.6,8
18.5287,73.3666,Mumbai-Pune,7.9,3
11.0001,76.0553,Kochi-Kozhikode,9.8,7
18.7711,73.2705,Mumbai-Pune,7.9,12
18.182,73.5637,Mumbai-Goa,9.0,8
19.031,73.5722,Mumbai-Pune,5.0,10
19.8215,73.7676,Pune-Nashik,1.9,11
19.6386,73.8321,Pune-Nashik,3.1,10
18.9036,73.577,Mumbai-Pune,7.6,8
10.7127,76.0868,Kochi-Kozhikode,9.2,8
18.7435,73.3492,Mumbai-Pune,7.7,5
18.5102,73.3739,Mumbai-Pune,9.3,8
18.5582,73.8649,Mumbai-Pune,5.8,1
16.9634,73.4052,Mumbai-Goa,8.4,6
16.5326,73.5778,Mumbai-Goa,8.0,8
18.8553,73.6108,Mumbai-Pune,7.1,9
17.1046,73.3995,Mumbai-Goa,4.2,3
17.191,73.4211,Mumbai-Goa,9.7,9
10.8475,76.1718,Kochi-Kozhikode,6.7,7
19.5966,73.8898,Pune-Nashik,4.4,1
18.7048,73.3779,Mumbai-Pune,8.6,7
12.8743,75.46,Bengaluru-Mangaluru,5.9,11
10.7669,75.9645,Kochi-Kozhikode,8.3,8
12.8386,75.5466,Bengaluru-Mangaluru,9.0,9
10.752,76.0789,Kochi-Kozhikode,8.7,7
13.1034,75.2615,Bengaluru-Mangaluru,9.6,9
18.7446,73.4539,Mumbai-Pune,6.8,8
17.1842,73.4188,Mumbai-Goa,9.3,9
18.6447,73.2828,Mumbai-Pune,9.8,6
10.7086,76.0692,Kochi-Kozhikode,9.5,7
13.262,75.8012,Bengaluru-Mangaluru,8.0,9
18.5517,73.6218,Mumbai-Pune,8.7,7
18.6826,73.2542,Mumbai-Pune,10.0,7
18.6835,73.3393,Mumbai-Pune,1.3,10
10.7182,76.3591,Kochi-Kozhikode,7.9,6
12.843,75.634,Bengaluru-Mangaluru,6.4,4
18.4502,73.6973,Mumbai-Pune,8.8,6
12.9744,75.4955,Bengaluru-Mangaluru,8.2,8
18.2356,73.6597,Mumbai-Goa,6.8,9
16.7658,73.3842,Mumbai-Goa,5.1,2
16.8898,73.3939,Mumbai-Goa,6.7,1
17.0863,73.2768,Mumbai-Goa,8.8,9
10.7326,76.1263,Kochi-Kozhikode,4.7,11
18.7322,73.0668,Mumbai-Pune,8.6,9
12.923,76.1049,Bengaluru-Mangaluru,8.4,8
17.0137,73.3745,Mumbai-Goa,7.3,4
12.8881,75.267,Bengaluru-Mangaluru,8.3,8
18.7429,73.3063,Mumbai-Pune,9.4,6
19.6504,73.8193,Pune-Nashik,1.0,12
17.1975,73.4313,Mumbai-Goa,8.5,9
19.5358,73.6409,Pune-Nashik,2.8,11
16.8621,73.4206,Mumbai-Goa,6.2,12
12.9414,75.1649,Bengaluru-Mangaluru,7.8,8
13.1174,75.5398,Bengaluru-Mangaluru,2.1,3
13.1291,75.7527,Bengaluru-Mangaluru,9.7,6
12.9603,75.6691,Bengaluru-Mangaluru,7.4,8
10.4382,75.955,Kochi-Kozhikode,3.8,2
19.0004,73.2482,Mumbai-Pune,9.6,7
13.1996,75.257,Bengaluru-Mangaluru,8.6,8
18.7845,73.1831,Mumbai-Pune,1.7,5
12.8651,75.7585,Bengaluru-Mangaluru,9.2,7
10.7908,75.977,Kochi-Kozhikode,9.3,9
18.7454,73.5917,Mumbai-Pune,7.6,8
13.0559,75.5884,Bengaluru-Mangaluru,9.6,6
18.723,73.7726,Mumbai-Pune,3.4,11
10.9784,76.0679,Kochi-Kozhikode,9.8,6
16.3462,73.3844,Mumbai-Goa,1.5,11
18.8868,73.3692,Mumbai-Pune,5.7,4
18.7287,73.3663,Mumbai-Pune,6.9,8
17.5188,73.7032,Mumbai-Goa,6.6,9
13.1773,75.5702,Bengaluru-Mangaluru,2.1,11
12.9382,75.4291,Bengaluru-Mangaluru,9.4,7
16.7532,73.0469,Mumbai-Goa,7.1,8
10.2392,75.9407,Kochi-Kozhikode,6.5,7
16.3604,73.8778,Mumbai-Goa,8.1,7
18.9483,73.3287,Mumbai-Pune,4.3,12
12.937,75.3156,Bengaluru-Mangaluru,2.5,3
18.8792,73.2686,Mumbai-Pune,6.6,8
10.8406,76.004,Kochi-Kozhikode,9.9,8
12.5164,75.6813,Bengaluru-Mangaluru,7.5,7
13.4163,75.3884,Bengaluru-Mangaluru,1.7,12
12.8264,75.443,Bengaluru-Mangaluru,8.6,6
18.6968,73.3393,Mumbai-Pune,8.1,9
10.6972,76.1729,Kochi-Kozhikode,7.7,6
18.6533,73.4248,Mumbai-Pune,8.7,7
10.1496,75.8592,Kochi-Kozhikode,4.6,2
11.0284,76.0551,Kochi-Kozhikode,7.8,1
18.6039,73.0324,Mumbai-Pune,6.9,7
12.8103,75.5568,Bengaluru-Mangaluru,7.1,6
13.0475,75.6364,Bengaluru-Mangaluru,9.5,7
19.5469,73.8923,Pune-Nashik,7.8,8
12.7622,75.7278,Bengaluru-Mangaluru,7.5,7
12.9511,75.5423,Bengaluru-Mangaluru,7.5,12
18.6766,73.3002,Mumbai-Pune,1.5,11
12.9669,75.8304,Bengaluru-Mangaluru,8.8,7
16.6929,73.5573,Mumbai-Goa,8.2,7
10.4087,76.0488,Kochi-Kozhikode,6.8,6
12.8961,75.4294,Bengaluru-Mangaluru,1.5,3
18.6681,73.3249,Mumbai-Pune,4.2,11
12.9365,75.5649,Bengaluru-Mangaluru,7.1,8
19.3762,73.6644,Pune-Nashik,9.0,8
12.8241,75.6858,Bengaluru-Mangaluru,6.7,7
10.2848,76.0563,Kochi-Kozhikode,4.6,2
17.2129,73.5358,Mumbai-Goa,5.1,5
16.729,73.6735,Mumbai-Goa,8.9,8
19.0409,73.448,Mumbai-Pune,8.3,9
18.9243,73.6976,Mumbai-Pune,7.5,9
18.9661,73.1611,Mumbai-Pune,6.7,6
16.0932,73.7327,Mumbai-Goa,5.3,2
16.7749,73.5479,Mumbai-Goa,1.7,5
18.4139,73.1974,Mumbai-Pune,9.1,9
19.6141,73.6636,Pune-Nashik,7.2,8
12.996,75.6404,Bengaluru-Mangaluru,8.4,7
17.0652,73.9908,Mumbai-Goa,9.2,7
19.3916,74.0009,Pune-Nashik,9.5,9
10.7461,76.1251,Kochi-Kozhikode,7.7,11
17.1147,73.635,Mumbai-Goa,1.7,11
10.7915,76.0629,Kochi-Kozhikode,6.5,4
12.8288,75.6618,Bengaluru-Mangaluru,4.2,4
18.6172,73.4844,Mumbai-Pune,4.4,1
18.9063,73.743,Mumbai-Pune,7.4,6
16.7647,73.3587,Mumbai-Goa,7.7,9
16.7537,73.6571,Mumbai-Goa,6.1,10
12.8331,75.6672,Bengaluru-Mangaluru,7.9,8
12.8086,75.7421,Bengaluru-Mangaluru,3.2,3
10.9285,76.2618,Kochi-Kozhikode,8.7,8
18.7346,73.4752,Mumbai-Pune,4.3,1
15.9636,73.4379,Mumbai-Goa,8.4,9
12.9123,75.843,Bengaluru-Mangaluru,9.8,8
12.6125,75.6931,Bengaluru-Mangaluru,7.7,9
16.6664,73.5931,Mumbai-Goa,2.9,5
12.8757,75.588,Bengaluru-Mangaluru,7.1,9
18.758,73.4284,Mumbai-Pune,6.7,8
16.8622,73.5268,Mumbai-Goa,8.4,7
13.0973,75.7848,Bengaluru-Mangaluru,8.2,7
10.963,76.0601,Kochi-Kozhikode,9.9,7
18.6722,73.5075,Mumbai-Pune,5.1,11
19.6876,73.9789,Pune-Nashik,4.9,10
16.7037,73.4713,Mumbai-Goa,1.4,5
12.6951,75.5264,Bengaluru-Mangaluru,8.7,9
13.0246,75.5125,Bengaluru-Mangaluru,9.7,6
18.806,73.3786,Mumbai-Pune,3.4,11
10.5613,76.0106,Kochi-Kozhikode,9.7,7
10.8608,75.9996,Kochi-Kozhikode,2.3,3
18.8533,73.2654,Mumbai-Pune,7.3,5
12.9107,75.0392,Bengaluru-Mangaluru,9.5,9
19.5813,73.7073,Pune-Nashik,7.7,7
12.5564,76.1115,Bengaluru-Mangaluru,6.7,7
18.5002,73.8729,Mumbai-Pune,8.4,9
16.6352,73.3247,Mumbai-Goa,7.7,8
18.8555,73.4875,Mumbai-Pune,7.7,6
12.9583,75.8852,Bengaluru-Mangaluru,7.4,8
12.7814,75.9276,Bengaluru-Mangaluru,9.5,9
13.0165,75.5556,Bengaluru-Mangaluru,8.5,8
13.042,75.3926,Bengaluru-Mangaluru,6.6,7
18.6779,73.3315,Mumbai-Pune,4.6,4
16.7281,73.3679,Mumbai-Goa,9.3,7
18.857,73.3709,Mumbai-Pune,7.6,7
19.6353,73.8001,Pune-Nashik,6.7,10
16.7262,73.6856,Mumbai-Goa,9.1,8
10.4586,76.1236,Kochi-Kozhikode,9.3,6
17.4357,73.43,Mumbai-Goa,5.0,10
18.5827,73.3923,Mumbai-Pune,8.4,9
12.729,75.9726,Bengaluru-Mangaluru,8.8,6
18.8297,73.4119,Mumbai-Pune,9.7,8
17.3107,73.3942,Mumbai-Goa,5.0,12
17.0766,73.525,Mumbai-Goa,9.1,7
13.3457,76.2579,Bengaluru-Mangaluru,5.5,5
10.8495,76.2113,Kochi-Kozhikode,6.7,5
10.9373,76.1253,Kochi-Kozhikode,7.9,3
12.6931,75.42,Bengaluru-Mangaluru,6.9,8
13.3343,75.1197,Bengaluru-Mangaluru,6.7,10
10.8593,76.3921,Kochi-Kozhikode,3.6,12
16.8601,73.5117,Mumbai-Goa,8.8,8
19.0728,73.0107,Mumbai-Pune,3.8,10
18.6511,73.6713,Mumbai-Pune,7.6,7
19.7516,73.9027,Pune-Nashik,9.4,6
16.9234,73.4735,Mumbai-Goa,9.0,6
11.1926,76.1717,Kochi-Kozhikode,6.8,9
12.781,75.6145,Bengaluru-Mangaluru,6.7,8
18.3391,73.8416,Mumbai-Goa,8.1,8
19.6258,73.7413,Pune-Nashik,7.7,9
18.7792,73.3825,Mumbai-Pune,4.6,1
18.5831,73.3032,Mumbai-Pune,6.5,9
18.7138,73.6124,Mumbai-Pune,5.8,5
18.7233,73.8539,Mumbai-Pune,9.4,7
12.9696,75.3496,Bengaluru-Mangaluru,8.5,6
10.8911,75.9646,Kochi-Kozhikode,9.8,9
18.8447,73.347,Mumbai-Pune,7.3,6
10.7824,76.216,Kochi-Kozhikode,7.4,6
12.7391,75.338,Bengaluru-Mangaluru,4.5,1
18.065,73.7544,Mumbai-Goa,9.6,7
18.6989,73.5168,Mumbai-Pune,9.9,9
19.4168,74.0046,Pune-Nashik,5.1,4
18.6171,73.0814,Mumbai-Pune,9.9,9
18.7105,73.4621,Mumbai-Pune,9.0,6
10.5237,76.1589,Kochi-Kozhikode,6.9,9
13.4238,75.1017,Bengaluru-Mangaluru,6.1,4
18.855,73.3479,Mumbai-Pune,8.2,6
18.714,73.5298,Mumbai-Pune,1.4,4
19.9389,73.6009,Pune-Nashik,9.1,9
19.413,73.816,Pune-Nashik,3.6,11
12.9238,75.6842,Bengaluru-Mangaluru,6.9,7
18.7054,73.4039,Mumbai-Pune,6.7,6
19.3512,73.7924,Pune-Nashik,7.7,7
12.5701,75.5406,Bengaluru-Mangaluru,8.2,6
18.7897,73.2895,Mumbai-Pune,7.3,6
12.9074,75.6838,Bengaluru-Mangaluru,8.4,7
12.8572,75.632,Bengaluru-Mangaluru,6.9,9
11.1152,76.3546,Kochi-Kozhikode,6.7,2
18.6658,73.3768,Mumbai-Pune,9.2,6
10.9144,76.1137,Kochi-Kozhikode,7.0,6
16.169,73.7326,Mumbai-Goa,6.2,1
16.7094,73.528,Mumbai-Goa,8.7,7
18.8125,73.1694,Mumbai-Pune,9.0,9
13.0449,75.537,Bengaluru-Mangaluru,6.9,8
18.7872,73.5347,Mumbai-Pune,8.4,6
13.3023,76.3273,Bengaluru-Mangaluru,6.9,9
18.63,73.3202,Mumbai-Pune,8.3,8
13.4767,75.1643,Bengaluru-Mangaluru,7.0,8
18.7248,73.3118,Mumbai-Pune,6.1,4
12.7786,75.4035,Bengaluru-Mangaluru,6.9,9
17.4639,73.3929,Mumbai-Goa,7.1,6
12.8593,75.4933,Bengaluru-Mangaluru,1.1,4
13.4941,75.6802,Bengaluru-Mangaluru,8.5,6
18.7014,73.423,Mumbai-Pune,9.5,6
12.7497,75.5258,Bengaluru-Mangaluru,7.5,3
13.0772,75.6897,Bengaluru-Mangaluru,6.6,1
11.4142,76.4066,Kochi-Kozhikode,6.6,9
13.015,76.0264,Bengaluru-Mangaluru,7.4,6
18.6228,73.5959,Mumbai-Pune,8.3,8
19.3513,73.6818,Pune-Nashik,3.3,1
17.0032,73.4584,Mumbai-Goa,9.0,8
16.0483,73.5505,Mumbai-Goa,8.4,6
18.7418,73.3405,Mumbai-Pune,7.5,9
10.516,76.1281,Kochi-Kozhikode,7.6,6
13.1194,75.6035,Bengaluru-Mangaluru,7.5,11
18.7697,73.4779,Mumbai-Pune,8.4,6
18.6389,73.5915,Mumbai-Pune,7.7,7
10.8379,76.2428,Kochi-Kozhikode,2.5,1
18.6859,73.6045,Mumbai-Pune,6.8,7
10.9453,76.1484,Kochi-Kozhikode,1.9,11
10.0173,76.3148,Kochi-Kozhikode,9.2,8
12.9293,75.5534,Bengaluru-Mangaluru,2.0,5
18.855,73.4158,Mumbai-Pune,7.7,6
13.483,76.4461,Bengaluru-Mangaluru,8.5,7
10.4312,76.0022,Kochi-Kozhikode,6.9,8
18.7337,73.4349,Mumbai-Pune,7.9,9
13.3559,75.4141,Bengaluru-Mangaluru,8.0,9
18.745,73.5371,Mumbai-Pune,7.2,7
10.4342,76.1126,Kochi-Kozhikode,6.9,9
12.6728,75.7424,Bengaluru-Mangaluru,8.4,9
19.5906,73.8867,Pune-Nashik,5.0,10
19.5136,73.962,Pune-Nashik,6.0,2
17.2386,73.5729,Mumbai-Goa,8.0,7
13.0004,76.296,Bengaluru-Mangaluru,5.1,2
10.7757,76.1507,Kochi-Kozhikode,6.7,1
18.6177,73.5909,Mumbai-Pune,6.9,7
12.9239,76.2357,Bengaluru-Mangaluru,8.7,7
10.6675,76.1749,Kochi-Kozhikode,8.4,7
11.1093,76.1937,Kochi-Kozhikode,7.2,8
12.8088,75.6678,Bengaluru-Mangaluru,6.8,12
19.0192,73.6819,Mumbai-Pune,5.3,3
18.6369,73.4644,Mumbai-Pune,7.8,9
18.6385,73.3039,Mumbai-Pune,7.1,6
12.9563,75.2494,Bengaluru-Mangaluru,6.7,7
10.5822,76.0752,Kochi-Kozhikode,9.4,6
13.0881,76.4818,Bengaluru-Mangaluru,8.2,9
16.8022,73.3488,Mumbai-Goa,4.8,1
19.6004,73.5103,Pune-Nashik,1.9,5
18.6735,73.0342,Mumbai-Pune,4.2,11
18.8776,73.3209,Mumbai-Pune,9.9,6
12.642,75.4828,Bengaluru-Mangaluru,3.7,11
18.784,73.4283,Mumbai-Pune,7.2,8
16.8369,73.4055,Mumbai-Goa,6.6,8
13.0311,75.9104,Bengaluru-Mangaluru,1.3,1
18.7077,73.3311,Mumbai-Pune,9.0,9
10.8921,76.0687,Kochi-Kozhikode,6.5,8
10.7739,76.1647,Kochi-Kozhikode,9.4,8
10.442,76.2154,Kochi-Kozhikode,9.7,8
13.4076,75.4943,Bengaluru-Mangaluru,8.5,7
19.6073,73.814,Pune-Nashik,4.2,1
18.7422,73.3958,Mumbai-Pune,8.1,8
18.5985,73.5682,Mumbai-Pune,7.8,6
12.9052,75.6831,Bengaluru-Mangaluru,6.7,7
19.6952,73.7606,Pune-Nashik,6.8,7
19.6473,73.8266,Pune-Nashik,7.7,6
13.0058,75.2011,Bengaluru-Mangaluru,9.4,9
16.8678,73.4246,Mumbai-Goa,8.2,9
12.7082,75.8227,Bengaluru-Mangaluru,3.5,12
17.9733,73.6074,Mumbai-Goa,9.8,6
18.7878,73.4529,Mumbai-Pune,7.7,8
10.6673,76.0377,Kochi-Kozhikode,6.8,7
10.7793,76.0215,Kochi-Kozhikode,8.8,6
18.8237,73.3585,Mumbai-Pune,7.7,9
18.4193,73.7481,Mumbai-Pune,9.5,7
15.9552,73.4531,Mumbai-Goa,7.0,7
18.6591,73.2165,Mumbai-Pune,9.9,9
18.6417,73.4123,Mumbai-Pune,9.4,8
18.8663,73.4352,Mumbai-Pune,5.1,11
11.4924,76.4888,Kochi-Kozhikode,7.2,1
18.4424,73.4917,Mumbai-Pune,6.3,12
18.712,73.7007,Mumbai-Pune,2.4,1
16.7029,73.557,Mumbai-Goa,8.0,7
18.1813,73.0053,Mumbai-Goa,9.8,6
10.7139,76.0392,Kochi-Kozhikode,7.3,8
12.9933,75.8114,Bengaluru-Mangaluru,8.8,6
16.5248,73.281,Mumbai-Goa,7.9,9
16.7733,73.5198,Mumbai-Goa,7.4,8
19.5903,73.8136,Pune-Nashik,8.0,9
12.5217,75.0669,Bengaluru-Mangaluru,9.5,6
18.6672,73.4684,Mumbai-Pune,7.5,8
18.6348,73.4873,Mumbai-Pune,2.2,10
18.6623,73.3154,Mumbai-Pune,6.7,8
18.6217,73.3436,Mumbai-Pune,8.5,6
18.8366,73.6795,Mumbai-Pune,7.9,7
18.4187,73.5079,Mumbai-Pune,7.8,4
18.4403,73.7021,Mumbai-Pune,5.3,11
18.8353,73.458,Mumbai-Pune,4.2,11
18.6688,73.5358,Mumbai-Pune,4.1,2
18.8356,73.4587,Mumbai-Pune,8.2,6
18.6534,73.3628,Mumbai-Pune,7.0,12
18.6817,73.5497,Mumbai-Pune,4.1,1
18.6453,73.5005,Mumbai-Pune,2.9,5
18.8281,73.6058,Mumbai-Pune,6.8,8
18.7142,73.4801,Mumbai-Pune,8.3,7
17.6415,73.4228,Mumbai-Goa,7.4,7
18.6157,73.1885,Mumbai-Pune,3.2,5
18.3197,73.3025,Mumbai-Goa,8.7,9
11.1363,76.2122,Kochi-Kozhikode,7.1,11
17.1316,73.2646,Mumbai-Goa,8.3,9
13.0304,76.2443,Bengaluru-Mangaluru,9.3,8
18.5863,73.434,Mumbai-Pune,2.5,3
12.8535,75.682,Bengaluru-Mangaluru,7.1,7
18.7662,73.4479,Mumbai-Pune,7.9,11
16.9722,73.6599,Mumbai-Goa,9.5,7
18.6667,73.3238,Mumbai-Pune,6.5,7
19.5547,73.5941,Pune-Nashik,6.7,8
18.6824,73.4934,Mumbai-Pune,5.3,1
18.8288,73.4508,Mumbai-Pune,7.0,7
18.5555,73.767,Mumbai-Pune,2.0,11
19.7183,73.7469,Pune-Nashik,8.0,9
18.8959,73.5714,Mumbai-Pune,2.6,1
17.1391,73.7227,Mumbai-Goa,7.2,7
18.605,73.341,Mumbai-Pune,7.8,5
18.6857,73.4812,Mumbai-Pune,7.2,8
12.7687,75.742,Bengaluru-Mangaluru,8.9,9
18.8699,73.4782,Mumbai-Pune,8.2,8
16.9922,73.3765,Mumbai-Goa,7.2,9
18.6759,73.5406,Mumbai-Pune,7.4,9
18.8182,73.3956,Mumbai-Pune,8.5,7
10.7216,75.9227,Kochi-Kozhikode,6.9,10
16.552,73.7389,Mumbai-Goa,9.0,7
10.5599,76.1166,Kochi-Kozhikode,8.2,8
19.7007,73.7402,Pune-Nashik,7.3,6
12.9231,75.7759,Bengaluru-Mangaluru,7.3,9
16.9041,73.8586,Mumbai-Goa,8.4,9
10.4871,76.1926,Kochi-Kozhikode,9.6,9
11.1732,76.0574,Kochi-Kozhikode,8.3,6
10.7676,76.1675,Kochi-Kozhikode,6.5,7
18.7886,73.3175,Mumbai-Pune,2.7,11
16.9744,73.2678,Mumbai-Goa,8.0,7
18.8028,73.4335,Mumbai-Pune,8.1,7
18.6944,73.7991,Mumbai-Pune,9.2,8
17.1076,73.6323,Mumbai-Goa,9.4,8
18.7822,73.4167,Mumbai-Pune,8.7,7
16.6137,73.411,Mumbai-Goa,1.2,10
17.2857,73.6795,Mumbai-Goa,9.5,9
12.8702,75.6086,Bengaluru-Mangaluru,7.2,9
18.8045,73.8659,Mumbai-Pune,6.7,1
12.5801,76.4928,Bengaluru-Mangaluru,2.1,3
10.6304,76.2026,Kochi-Kozhikode,7.4,12
12.9832,75.964,Bengaluru-Mangaluru,6.6,9
12.7902,75.5291,Bengaluru-Mangaluru,7.7,2
12.9289,75.7212,Bengaluru-Mangaluru,8.0,8
16.8299,73.3909,Mumbai-Goa,7.4,9
10.9653,76.1631,Kochi-Kozhikode,9.3,8
12.5753,76.087,Bengaluru-Mangaluru,6.5,9
12.7855,75.8541,Bengaluru-Mangaluru,7.0,10
18.8524,73.4151,Mumbai-Pune,3.3,3
12.9099,75.7039,Bengaluru-Mangaluru,6.6,7
16.6199,73.5038,Mumbai-Goa,7.0,6
16.2005,73.6096,Mumbai-Goa,3.3,5
18.6134,73.5691,Mumbai-Pune,8.8,8
18.7211,73.3762,Mumbai-Pune,9.6,6
12.8215,75.546,Bengaluru-Mangaluru,6.6,6
18.5227,73.8305,Mumbai-Pune,7.6,8
13.0773,75.1335,Bengaluru-Mangaluru,6.5,9
11.0394,76.1296,Kochi-Kozhikode,6.6,8
18.6444,73.279,Mumbai-Pune,7.4,6
12.7499,75.5651,Bengaluru-Mangaluru,3.1,1
12.8083,75.5279,Bengaluru-Mangaluru,6.8,9
12.7784,75.0244,Bengaluru-Mangaluru,9.6,9
18.799,73.8983,Mumbai-Pune,7.9,8
11.1143,76.0173,Kochi-Kozhikode,8.7,9
16.5252,73.6422,Mumbai-Goa,7.0,9
18.7796,73.2945,Mumbai-Pune,6.5,9
10.8538,76.0857,Kochi-Kozhikode,8.6,8
13.234,75.3719,Bengaluru-Mangaluru,8.1,9
18.7037,73.271,Mumbai-Pune,9.5,7
12.9271,75.4077,Bengaluru-Mangaluru,10.0,7
18.8463,73.5194,Mumbai-Pune,8.7,9
19.6532,73.8816,Pune-Nashik,8.5,6
18.9041,73.4,Mumbai-Pune,9.5,8
16.5159,73.5562,Mumbai-Goa,9.3,9
11.1911,76.0112,Kochi-Kozhikode,2.6,3
16.7825,73.5521,Mumbai-Goa,8.5,6
10.7899,76.014,Kochi-Kozhikode,3.6,1
18.8482,73.661,Mumbai-Pune,7.9,6
19.6196,73.7709,Pune-Nashik,6.6,5
18.6145,73.429,Mumbai-Pune,8.8,6
18.8466,73.4535,Mumbai-Pune,8.2,7
17.7807,73.1793,Mumbai-Goa,8.5,8
16.8992,73.4263,Mumbai-Goa,9.3,7
16.545,73.6043,Mumbai-Goa,8.1,8
18.83,73.2261,Mumbai-Pune,3.9,1
13.1299,76.4662,Bengaluru-Mangaluru,2.7,10
17.4167,73.5718,Mumbai-Goa,6.6,9
13.0749,75.3484,Bengaluru-Mangaluru,6.8,6
12.7293,75.5721,Bengaluru-Mangaluru,7.5,4
12.9628,75.9368,Bengaluru-Mangaluru,7.6,7
18.8118,73.3727,Mumbai-Pune,4.8,3
19.8137,74.0169,Pune-Nashik,8.9,8
12.7717,75.8306,Bengaluru-Mangaluru,7.1,6
10.6191,76.2425,Kochi-Kozhikode,3.4,4
18.7251,73.5789,Mumbai-Pune,4.5,5
12.9874,75.7584,Bengaluru-Mangaluru,1.3,12
17.1207,73.4829,Mumbai-Goa,7.2,8
19.5481,73.8202,Pune-Nashik,7.1,8
12.9535,75.6145,Bengaluru-Mangaluru,6.6,1
18.698,73.3814,Mumbai-Pune,8.2,9
18.7569,73.1605,Mumbai-Pune,5.8,1
10.8859,76.0143,Kochi-Kozhikode,6.8,5
16.5252,73.2891,Mumbai-Goa,3.9,11
12.6758,75.3459,Bengaluru-Mangaluru,7.8,7
18.688,73.6197,Mumbai-Pune,7.9,9
10.7014,76.1156,Kochi-Kozhikode,9.4,9
12.5877,75.9499,Bengaluru-Mangaluru,6.9,6
18.785,73.4147,Mumbai-Pune,7.8,7
19.5923,73.7454,Pune-Nashik,5.9,12
18.877,73.6033,Mumbai-Pune,9.0,9
10.4845,76.0104,Kochi-Kozhikode,2.8,12
16.8091,73.3794,Mumbai-Goa,7.7,8
17.0644,73.409,Mumbai-Goa,8.4,9
12.8981,75.6092,Bengaluru-Mangaluru,5.3,10
17.6036,73.6488,Mumbai-Goa,6.9,11
18.7686,73.5155,Mumbai-Pune,7.9,7
13.0382,75.4943,Bengaluru-Mangaluru,7.2,6
19.0658,73.3808,Mumbai-Pune,4.7,10
18.6786,73.4088,Mumbai-Pune,8.0,7
19.6862,73.8622,Pune-Nashik,3.2,4
19.4423,73.7798,Pune-Nashik,8.7,6
11.2714,76.0832,Kochi-Kozhikode,8.4,8
12.8908,75.5858,Bengaluru-Mangaluru,6.5,9
13.4938,76.0411,Bengaluru-Mangaluru,7.0,2
18.9226,73.2441,Mumbai-Pune,9.5,9
12.9632,75.8792,Bengaluru-Mangaluru,7.0,3
18.9488,73.3545,Mumbai-Pune,9.8,7
10.8921,76.1499,Kochi-Kozhikode,8.7,9
16.9635,73.4876,Mumbai-Goa,6.6,7
10.8817,75.8784,Kochi-Kozhikode,7.5,7
17.1217,73.5158,Mumbai-Goa,8.9,7
10.7583,76.2791,Kochi-Kozhikode,6.7,8
16.6806,73.4496,Mumbai-Goa,9.0,7
11.1734,76.0272,Kochi-Kozhikode,7.0,9
16.7212,73.4816,Mumbai-Goa,7.7,11
18.8236,73.4234,Mumbai-Pune,3.5,12
18.6369,73.3401,Mumbai-Pune,6.8,8
12.8241,75.5855,Bengaluru-Mangaluru,8.8,9
12.9532,75.6784,Bengaluru-Mangaluru,9.7,9
12.678,75.7995,Bengaluru-Mangaluru,8.8,9
13.383,76.1932,Bengaluru-Mangaluru,2.9,2
16.9821,73.6731,Mumbai-Goa,4.8,12
17.0444,73.6377,Mumbai-Goa,8.7,9
18.7908,73.5515,Mumbai-Pune,6.4,4
19.0828,73.2315,Mumbai-Pune,8.4,7
18.473,73.5543,Mumbai-Pune,6.5,8
18.368,73.8757,Mumbai-Goa,9.0,7
19.9433,73.6131,Pune-Nashik,8.2,9
17.0697,73.4878,Mumbai-Goa,4.8,4
12.7901,75.5819,Bengaluru-Mangaluru,9.0,6
17.6385,73.6111,Mumbai-Goa,5.8,5
17.0865,73.3405,Mumbai-Goa,4.8,11
10.5584,76.1256,Kochi-Kozhikode,6.7,6
19.6146,73.7963,Pune-Nashik,9.1,8
10.8264,76.239,Kochi-Kozhikode,6.3,11
10.9304,76.0002,Kochi-Kozhikode,7.9,8
12.8861,75.4491,Bengaluru-Mangaluru,7.8,7
18.7161,73.3535,Mumbai-Pune,9.2,8
10.7104,75.9902,Kochi-Kozhikode,7.4,4
13.3206,76.3009,Bengaluru-Mangaluru,3.9,12
18.5077,73.1909,Mumbai-Pune,8.9,6
12.884,75.4949,Bengaluru-Mangaluru,2.9,5
12.5338,75.9849,Bengaluru-Mangaluru,6.9,12
11.0041,76.0671,Kochi-Kozhikode,7.2,7
16.9061,73.3535,Mumbai-Goa,6.4,12
18.8984,73.6134,Mumbai-Pune,7.7,10
10.8294,76.1896,Kochi-Kozhikode,8.0,6
18.7653,73.2496,Mumbai-Pune,3.5,1
12.8485,75.6247,Bengaluru-Mangaluru,7.6,6
16.7523,73.4727,Mumbai-Goa,7.8,8
18.742,73.3909,Mumbai-Pune,9.7,9
18.7546,73.2807,Mumbai-Pune,5.5,3
12.8104,75.3591,Bengaluru-Mangaluru,7.3,7
12.8767,75.9341,Bengaluru-Mangaluru,7.5,9
13.0222,75.2052,Bengaluru-Mangaluru,5.1,11
11.0163,76.2213,Kochi-Kozhikode,7.0,6
19.5698,73.6222,Pune-Nashik,8.6,8
10.7323,76.0944,Kochi-Kozhikode,6.9,7
18.6616,73.342,Mumbai-Pune,6.7,9
18.7795,73.574,Mumbai-Pune,8.5,8
13.0913,75.7247,Bengaluru-Mangaluru,6.8,8
16.5995,73.3003,Mumbai-Goa,8.3,9
19.5673,73.8313,Pune-Nashik,8.6,8
18.5471,73.2372,Mumbai-Pune,9.5,9
19.6496,73.8032,Pune-Nashik,8.7,6
12.9639,75.9628,Bengaluru-Mangaluru,8.8,6
19.6816,73.8458,Pune-Nashik,4.4,3
12.5366,75.1776,Bengaluru-Mangaluru,7.0,7
16.3821,73.9053,Mumbai-Goa,9.7,9
19.5817,73.8188,Pune-Nashik,9.5,9
13.0476,75.4824,Bengaluru-Mangaluru,7.1,7
18.754,73.4058,Mumbai-Pune,7.6,6
19.5498,73.7299,Pune-Nashik,9.4,7
19.6323,73.8447,Pune-Nashik,9.6,6
13.4362,76.4667,Bengaluru-Mangaluru,7.9,1
13.2764,75.9026,Bengaluru-Mangaluru,4.8,12
10.9413,76.05,Kochi-Kozhikode,8.5,8
12.9625,75.4999,Bengaluru-Mangaluru,1.5,11
13.0526,75.4356,Bengaluru-Mangaluru,7.6,4
11.121,75.9471,Kochi-Kozhikode,1.7,3
12.9543,75.6891,Bengaluru-Mangaluru,9.7,6
18.5586,73.2701,Mumbai-Pune,8.7,8
15.8623,73.4666,Mumbai-Goa,9.0,8
18.8006,73.4903,Mumbai-Pune,7.5,12
16.6414,73.553,Mumbai-Goa,1.7,3
13.3912,75.1483,Bengaluru-Mangaluru,3.7,5
18.862,73.1506,Mumbai-Pune,8.0,12
10.8943,75.8818,Kochi-Kozhikode,6.6,7
10.6189,76.2426,Kochi-Kozhikode,5.1,1
10.6909,75.9973,Kochi-Kozhikode,10.0,6
18.7327,73.6326,Mumbai-Pune,9.3,9
12.671,75.4029,Bengaluru-Mangaluru,4.8,4
18.881,73.609,Mumbai-Pune,8.7,7
10.7806,75.9916,Kochi-Kozhikode,6.9,8
18.9334,73.5794,Mumbai-Pune,3.8,2
19.5015,73.5368,Pune-Nashik,7.8,7
12.9849,75.4477,Bengaluru-Mangaluru,3.5,11
16.8841,73.48,Mumbai-Goa,1.3,5
10.8214,75.8017,Kochi-Kozhikode,9.0,8
12.9414,75.8721,Bengaluru-Mangaluru,7.0,8
18.8269,73.2788,Mumbai-Pune,9.7,7
13.0721,75.6587,Bengaluru-Mangaluru,2.0,5
12.9859,75.875,Bengaluru-Mangaluru,7.2,9
18.6527,73.396,Mumbai-Pune,8.0,7
18.7035,73.2236,Mumbai-Pune,8.9,6
18.7803,73.6826,Mumbai-Pune,8.0,6
12.5148,76.1976,Bengaluru-Mangaluru,8.8,9
16.302,73.496,Mumbai-Goa,5.6,1
17.1082,73.5154,Mumbai-Goa,7.1,6
